# hega-rs ver.0.2.9 particle compilation : Particles([-2212]); total-items=616
#	 sourceUrQmdF19 in Lab: false
id;	mass;	charge;	p;	beta;
-2212;	0.938;	-1;	6.2765375390994835;	0.9890166654323315;
-2212;	0.938;	-1;	0.3519501699321085;	0.35129860200277874;
-2212;	0.938;	-1;	2.040223391223863;	0.9085754385030671;
-2212;	0.938;	-1;	0.80103726693956;	0.6494056635310598;
-2212;	0.938;	-1;	3.111947453042387;	0.9574515486635328;
-2212;	0.938;	-1;	5.223358321017715;	0.9842556673539427;
-2212;	0.938;	-1;	0.5615580795592121;	0.5136602235592671;
-2212;	0.938;	-1;	0.9359388520786227;	0.7063286062131007;
-2212;	0.938;	-1;	0.738177488211338;	0.6184313017496721;
-2212;	0.938;	-1;	2.3448141150933477;	0.9284665382496912;
-2212;	0.938;	-1;	3.86886798521092;	0.9718447789169472;
-2212;	0.938;	-1;	5.459899015714943;	0.9855615489385802;
-2212;	0.938;	-1;	6.4052222405415415;	0.9894466644299312;
-2212;	0.938;	-1;	4.582725938480829;	0.9796887236851477;
-2212;	0.938;	-1;	4.196167348559516;	0.9759145105143686;
-2212;	0.938;	-1;	2.6454795226879004;	0.9425083967889035;
-2212;	0.938;	-1;	3.047204474530713;	0.9557438592784546;
-2212;	0.938;	-1;	0.8162200067690083;	0.6564387203172107;
-2212;	0.938;	-1;	4.790097125077633;	0.9813614836331861;
-2212;	0.938;	-1;	5.5793477035650865;	0.9861605222272928;
-2212;	0.938;	-1;	2.2720459457768456;	0.9243265488975345;
-2212;	0.938;	-1;	4.63235903047437;	0.9801088092455498;
-2212;	0.938;	-1;	2.0388450549418904;	0.9084682436121364;
-2212;	0.938;	-1;	2.4414179331773576;	0.9334745362867591;
-2212;	0.938;	-1;	6.176661602751522;	0.9886646606825809;
-2212;	0.938;	-1;	3.1618489636352862;	0.9587025967880441;
-2212;	0.938;	-1;	2.7469508934789864;	0.9463480894833286;
-2212;	0.938;	-1;	1.5678122000951644;	0.8581411715232273;
-2212;	0.938;	-1;	1.7885699235660315;	0.8856014402111344;
-2212;	0.938;	-1;	7.453547455976114;	0.9921742100047186;
-2212;	0.938;	-1;	2.0358701267860875;	0.9082362672577575;
-2212;	0.938;	-1;	3.237346050048712;	0.9604950138332455;
-2212;	0.938;	-1;	1.695590722832901;	0.8750310602628558;
-2212;	0.938;	-1;	3.11319807244014;	0.9574835777494064;
-2212;	0.938;	-1;	1.6580754402619926;	0.870376831365767;
-2212;	0.938;	-1;	0.8124758877735943;	0.6547200039226992;
-2212;	0.938;	-1;	4.099271644856808;	0.9748056033301364;
-2212;	0.938;	-1;	5.10996248604136;	0.9835664676768122;
-2212;	0.938;	-1;	2.011959251829172;	0.9063409136459062;
-2212;	0.938;	-1;	0.6049291581805262;	0.5419800097375108;
-2212;	0.938;	-1;	0.26850353884234024;	0.2751982373629639;
-2212;	0.938;	-1;	4.820580722073327;	0.9815900157609315;
-2212;	0.938;	-1;	3.399211362510581;	0.9639717856195573;
-2212;	0.938;	-1;	4.995009772547097;	0.9828209823575453;
-2212;	0.938;	-1;	1.0479642199545747;	0.7451184151039398;
-2212;	0.938;	-1;	8.41141244902638;	0.9938395819506749;
-2212;	0.938;	-1;	5.1709295049211415;	0.9839424685915615;
-2212;	0.938;	-1;	0.3982748554023089;	0.3908288076365392;
-2212;	0.938;	-1;	1.4425026805607677;	0.838344479152985;
-2212;	0.938;	-1;	1.3459067100557156;	0.8204142341888965;
-2212;	0.938;	-1;	4.772042859643865;	0.9812241398076627;
-2212;	0.938;	-1;	6.563392648453409;	0.9899416269117663;
-2212;	0.938;	-1;	3.3179637316462633;	0.9622855211382064;
-2212;	0.938;	-1;	1.5257800694493948;	0.8518928854978544;
-2212;	0.938;	-1;	0.9681962742801689;	0.7182180314875588;
-2212;	0.938;	-1;	7.6623046198973315;	0.9925901605265448;
-2212;	0.938;	-1;	1.8773025184980843;	0.8945512888664656;
-2212;	0.938;	-1;	3.8707961930389723;	0.9718716504186404;
-2212;	0.938;	-1;	3.564947351429471;	0.9670841533616277;
-2212;	0.938;	-1;	0.48218974999678293;	0.45719035333187524;
-2212;	0.938;	-1;	6.220562512255885;	0.9888214285445404;
-2212;	0.938;	-1;	1.1788253945360185;	0.7825046789481235;
-2212;	0.938;	-1;	1.695590722832901;	0.8750310602628558;
-2212;	0.938;	-1;	3.037883290880675;	0.9554897505710533;
-2212;	0.938;	-1;	1.9277299476267415;	0.8992010600995017;
-2212;	0.938;	-1;	3.4003925322569746;	0.9639954756784481;
-2212;	0.938;	-1;	2.016333287213203;	0.9066917809192346;
-2212;	0.938;	-1;	1.0380439102200831;	0.7419561601572636;
-2212;	0.938;	-1;	5.0601696130780045;	0.9832495801771584;
-2212;	0.938;	-1;	2.2765876117055632;	0.9245949190743166;
-2212;	0.938;	-1;	1.0928594882957279;	0.7588230113715776;
-2212;	0.938;	-1;	1.8207279410581911;	0.888964768242982;
-2212;	0.938;	-1;	7.096002241628987;	0.9913761377165358;
-2212;	0.938;	-1;	4.066697073561048;	0.9744157883331194;
-2212;	0.938;	-1;	9.864679755159226;	0.9955096847368753;
-2212;	0.938;	-1;	3.363681722304571;	0.9632483219492419;
-2212;	0.938;	-1;	3.176343199703748;	0.9590558539936183;
-2212;	0.938;	-1;	0.3737870118948759;	0.37018401110319404;
-2212;	0.938;	-1;	5.761863892477155;	0.9870066680031419;
-2212;	0.938;	-1;	7.426512252874831;	0.9921178019776077;
-2212;	0.938;	-1;	4.952364292015885;	0.9825315875739352;
-2212;	0.938;	-1;	4.843923538522878;	0.9817622105101901;
-2212;	0.938;	-1;	2.7527889356846886;	0.9465575172745379;
-2212;	0.938;	-1;	0.6701476659281893;	0.5813230092717167;
-2212;	0.938;	-1;	0.7573876776677582;	0.628222795296457;
-2212;	0.938;	-1;	1.7791725860590368;	0.8845914956239467;
-2212;	0.938;	-1;	2.1507803403165093;	0.9166209592202588;
-2212;	0.938;	-1;	3.5996510569610773;	0.9676854850016731;
-2212;	0.938;	-1;	1.2178493185632613;	0.7922488330594265;
-2212;	0.938;	-1;	5.063503253871845;	0.9832710785605192;
-2212;	0.938;	-1;	3.721399562889344;	0.969671659889409;
-2212;	0.938;	-1;	4.579251731672872;	0.9796588266435072;
-2212;	0.938;	-1;	0.817683262393208;	0.6571076547567182;
-2212;	0.938;	-1;	3.781845550918229;	0.9705913971402518;
-2212;	0.938;	-1;	1.6859761810280713;	0.8738608178574502;
-2212;	0.938;	-1;	3.869921151740562;	0.9718594605459995;
-2212;	0.938;	-1;	2.5881372819401314;	0.9401593129414023;
-2212;	0.938;	-1;	1.484330661939246;	0.8453531108547795;
-2212;	0.938;	-1;	1.4152639359455184;	0.8335448594281971;
-2212;	0.938;	-1;	2.068701379693067;	0.9107506552815291;
-2212;	0.938;	-1;	3.4964686302206403;	0.9658481569765799;
-2212;	0.938;	-1;	3.0370845618166444;	0.9554678766621534;
-2212;	0.938;	-1;	2.830594622708981;	0.9492383287988557;
-2212;	0.938;	-1;	4.8948756582394415;	0.9821298551947041;
-2212;	0.938;	-1;	1.2933857423831454;	0.8095225910289632;
-2212;	0.938;	-1;	4.465708032615657;	0.9786446224129312;
-2212;	0.938;	-1;	0.3622251071140155;	0.36024006467465813;
-2212;	0.938;	-1;	1.5180596945622526;	0.850704056420661;
-2212;	0.938;	-1;	0.7289238222100098;	0.6136092107824673;
-2212;	0.938;	-1;	3.113825386361605;	0.9574996302988391;
-2212;	0.938;	-1;	6.084700683679765;	0.988325461233376;
-2212;	0.938;	-1;	3.982882880782336;	0.9733707755378532;
-2212;	0.938;	-1;	2.799386450940277;	0.948187156732301;
-2212;	0.938;	-1;	0.42950214053599317;	0.41632263054216506;
-2212;	0.938;	-1;	1.8304952415147109;	0.8899586684903555;
-2212;	0.938;	-1;	1.7701494326844274;	0.8836099096445283;
-2212;	0.938;	-1;	0.7288654877643749;	0.613578592589208;
-2212;	0.938;	-1;	1.7960152560020892;	0.8863927809674068;
-2212;	0.938;	-1;	5.775804881159855;	0.9870681060094736;
-2212;	0.938;	-1;	3.7680151377190616;	0.9703846271841683;
-2212;	0.938;	-1;	4.66145281681205;	0.9803490824545431;
-2212;	0.938;	-1;	0.7400876226671339;	0.6194180740239357;
-2212;	0.938;	-1;	2.205464618745447;	0.9202291205665342;
-2212;	0.938;	-1;	5.758448116638805;	0.9869915483210839;
-2212;	0.938;	-1;	1.3602569392302322;	0.8232433992088596;
-2212;	0.938;	-1;	4.624615680837166;	0.980044125107948;
-2212;	0.938;	-1;	0.7750911493637377;	0.6369896797687621;
-2212;	0.938;	-1;	3.941754614030914;	0.9728347354204255;
-2212;	0.938;	-1;	5.606212355479251;	0.9862901318182627;
-2212;	0.938;	-1;	1.534482936095739;	0.8532173968024169;
-2212;	0.938;	-1;	8.812154897375557;	0.9943825405136054;
-2212;	0.938;	-1;	7.677838716110478;	0.9926197831576792;
-2212;	0.938;	-1;	0.2207597338929065;	0.22909228591902556;
-2212;	0.938;	-1;	0.7073511980091644;	0.6020959412997701;
-2212;	0.938;	-1;	1.9323644255566805;	0.8996137019405743;
-2212;	0.938;	-1;	2.2791091576978055;	0.9247433271238105;
-2212;	0.938;	-1;	4.574990344704238;	0.9796220662823595;
-2212;	0.938;	-1;	1.279151986879198;	0.8064184614071337;
-2212;	0.938;	-1;	8.217154103883534;	0.9935477136164486;
-2212;	0.938;	-1;	1.7960152560020892;	0.8863927809674068;
-2212;	0.938;	-1;	13.34912337312518;	0.9975403937140908;
-2212;	0.938;	-1;	5.5347578127218;	0.985941332329587;
-2212;	0.938;	-1;	3.5266141384683696;	0.966400552228307;
-2212;	0.938;	-1;	2.407793807705886;	0.9317906759914892;
-2212;	0.938;	-1;	1.5084618444060824;	0.8492076983569139;
-2212;	0.938;	-1;	2.0434255619466546;	0.9088237841128322;
-2212;	0.938;	-1;	5.89063740227906;	0.9875581037312772;
-2212;	0.938;	-1;	1.0047104193557463;	0.7309571775103962;
-2212;	0.938;	-1;	6.66463437717554;	0.9902404720948298;
-2212;	0.938;	-1;	3.1367783482026588;	0.9580809183530222;
-2212;	0.938;	-1;	3.4238140401268877;	0.9644605297188805;
-2212;	0.938;	-1;	2.014604585942363;	0.9065533360011967;
-2212;	0.938;	-1;	7.197966897543378;	0.9916156919089827;
-2212;	0.938;	-1;	4.091804395400396;	0.9747170246866725;
-2212;	0.938;	-1;	2.1959245824212634;	0.9196160165287361;
-2212;	0.938;	-1;	1.381776146563632;	0.8273738846726983;
-2212;	0.938;	-1;	3.8907508934580997;	0.9721475260607215;
-2212;	0.938;	-1;	2.4752339638242282;	0.9351079536680184;
-2212;	0.938;	-1;	7.561968746545174;	0.9923944738043691;
-2212;	0.938;	-1;	1.6264694049627864;	0.8662657411871661;
-2212;	0.938;	-1;	1.1185352248154725;	0.7662341465841602;
-2212;	0.938;	-1;	3.8466781413775704;	0.9715327903883845;
-2212;	0.938;	-1;	4.305300625039149;	0.977078975198978;
-2212;	0.938;	-1;	3.6535562276193314;	0.9685878736690686;
-2212;	0.938;	-1;	1.6552218848541123;	0.8700129574346112;
-2212;	0.938;	-1;	0.5792579352674333;	0.5254304991009563;
-2212;	0.938;	-1;	2.7469972338481083;	0.9463497565591991;
-2212;	0.938;	-1;	3.7766152810458467;	0.9705134541481142;
-2212;	0.938;	-1;	1.8372934497270705;	0.8906430376469578;
-2212;	0.938;	-1;	0.6790783072433105;	0.586417429059907;
-2212;	0.938;	-1;	2.904127040057125;	0.9515951203239259;
-2212;	0.938;	-1;	1.830365903665166;	0.8899455895828069;
-2212;	0.938;	-1;	2.557869106293166;	0.9388627123698672;
-2212;	0.938;	-1;	0.4743606754200858;	0.45128889868464245;
-2212;	0.938;	-1;	2.6655009043311164;	0.943297036166627;
-2212;	0.938;	-1;	0.9148572407545343;	0.698220337288306;
-2212;	0.938;	-1;	2.543963648244605;	0.9382533269687666;
-2212;	0.938;	-1;	1.6002030670827374;	0.8627097477862591;
-2212;	0.938;	-1;	2.689576069370227;	0.9442246580776408;
-2212;	0.938;	-1;	3.2529092422606873;	0.9608502688651364;
-2212;	0.938;	-1;	5.555652291266346;	0.9860446819696379;
-2212;	0.938;	-1;	1.394276757890269;	0.8297132910211762;
-2212;	0.938;	-1;	0.8370886757626099;	0.6658337024110503;
-2212;	0.938;	-1;	11.82570398811001;	0.9968690343846796;
-2212;	0.938;	-1;	3.0826071772681316;	0.9566898538367041;
-2212;	0.938;	-1;	1.3518287825964832;	0.8215891511893105;
-2212;	0.938;	-1;	1.2008849253567138;	0.7880852905740408;
-2212;	0.938;	-1;	2.8217796670961044;	0.9489445980924015;
-2212;	0.938;	-1;	0.9891964687345988;	0.7256352543738969;
-2212;	0.938;	-1;	7.432357588046337;	0.992130049426917;
-2212;	0.938;	-1;	3.4268265057927865;	0.9645197019219173;
-2212;	0.938;	-1;	8.585194651018462;	0.9940842708660991;
-2212;	0.938;	-1;	1.4742304597272742;	0.8436995014591171;
-2212;	0.938;	-1;	4.948307068289518;	0.9825036780845565;
-2212;	0.938;	-1;	1.7294937477134749;	0.8790383539016849;
-2212;	0.938;	-1;	1.6400045019023577;	0.8680482292532941;
-2212;	0.938;	-1;	1.9618021090476991;	0.9021795354979675;
-2212;	0.938;	-1;	0.5664767426959578;	0.5169608003103694;
-2212;	0.938;	-1;	5.600499019143294;	0.9862627194171977;
-2212;	0.938;	-1;	0.6350224995407643;	0.5606079742724208;
-2212;	0.938;	-1;	1.5489491649503415;	0.8553830910407395;
-2212;	0.938;	-1;	2.3935849973188756;	0.9310605337742199;
-2212;	0.938;	-1;	3.4144044639168407;	0.9642747636723308;
-2212;	0.938;	-1;	3.3792509086793183;	0.9635679542477517;
-2212;	0.938;	-1;	0.5409982053436037;	0.49961460842152355;
-2212;	0.938;	-1;	6.07411235050077;	0.9882854369145663;
-2212;	0.938;	-1;	1.35671583353221;	0.8225509041261309;
-2212;	0.938;	-1;	1.68191164742682;	0.8733614860529579;
-2212;	0.938;	-1;	1.139583745883996;	0.7720900417967276;
-2212;	0.938;	-1;	2.1714137266145297;	0.9180094034013612;
-2212;	0.938;	-1;	1.1014345866314532;	0.7613316291913168;
-2212;	0.938;	-1;	5.4220709616311735;	0.9853637981975147;
-2212;	0.938;	-1;	1.3498227061955212;	0.8211923207404352;
-2212;	0.938;	-1;	3.246007569351772;	0.9606933089323568;
-2212;	0.938;	-1;	2.5295618520322845;	0.9376128474449016;
-2212;	0.938;	-1;	1.7096569685670866;	0.8767159283778159;
-2212;	0.938;	-1;	3.4734274977498814;	0.9654168706819912;
-2212;	0.938;	-1;	6.535348549347512;	0.9898564297462675;
-2212;	0.938;	-1;	9.755781542952107;	0.9954095726574026;
-2212;	0.938;	-1;	2.8383649596304563;	0.9494952081082311;
-2212;	0.938;	-1;	2.6729458761187064;	0.943586277783912;
-2212;	0.938;	-1;	4.601670576529898;	0.9798506083679274;
-2212;	0.938;	-1;	1.5852159753727566;	0.8606216651053703;
-2212;	0.938;	-1;	1.8291249241888867;	0.8898199875146363;
-2212;	0.938;	-1;	5.15565242587832;	0.9838494615903279;
-2212;	0.938;	-1;	1.0878101732990917;	0.7573298687345184;
-2212;	0.938;	-1;	3.1274146686592426;	0.9578451991161047;
-2212;	0.938;	-1;	1.2090221930403098;	0.7900960614271509;
-2212;	0.938;	-1;	3.737417595716192;	0.9699194817082002;
-2212;	0.938;	-1;	2.4179116379980243;	0.9323037950501909;
-2212;	0.938;	-1;	6.252029699953129;	0.9889318148706189;
-2212;	0.938;	-1;	1.7314944437566064;	0.8792691727225552;
-2212;	0.938;	-1;	0.979592255602932;	0.7222739326222942;
-2212;	0.938;	-1;	7.2121483094305106;	0.9916482204929739;
-2212;	0.938;	-1;	3.0826071772681316;	0.9566898538367041;
-2212;	0.938;	-1;	6.06396147572212;	0.988246873792684;
-2212;	0.938;	-1;	2.4967066497688513;	0.9361151332236534;
-2212;	0.938;	-1;	4.92628122614625;	0.9823509999557474;
-2212;	0.938;	-1;	5.002339379578419;	0.9828700028864156;
-2212;	0.938;	-1;	4.144724066258694;	0.9753349906528823;
-2212;	0.938;	-1;	3.106840067368934;	0.9573203773367738;
-2212;	0.938;	-1;	6.415228762869178;	0.9894790437657491;
-2212;	0.938;	-1;	1.2087335086850204;	0.7900251587058557;
-2212;	0.938;	-1;	0.8489211842473953;	0.6710239413423912;
-2212;	0.938;	-1;	6.535348549347512;	0.9898564297462675;
-2212;	0.938;	-1;	1.7437677818072568;	0.8806716962167727;
-2212;	0.938;	-1;	3.2222631792150374;	0.9601461833924184;
-2212;	0.938;	-1;	3.485844209118073;	0.9656502786965115;
-2212;	0.938;	-1;	1.3371512026016354;	0.8186579316201716;
-2212;	0.938;	-1;	1.024093796671965;	0.7374240398185298;
-2212;	0.938;	-1;	1.0363444699524382;	0.7414094131437129;
-2212;	0.938;	-1;	1.4077240850315802;	0.8321819773125145;
-2212;	0.938;	-1;	6.192698162389638;	0.9887223043596916;
-2212;	0.938;	-1;	0.8445806579729374;	0.6691313346085256;
-2212;	0.938;	-1;	2.584675519512846;	0.9400130561530945;
-2212;	0.938;	-1;	1.746862146991857;	0.8810216876684073;
-2212;	0.938;	-1;	0.3468654104649237;	0.34683773166790977;
-2212;	0.938;	-1;	2.199966243228518;	0.9198765836998692;
-2212;	0.938;	-1;	3.746276036550964;	0.9700552518899427;
-2212;	0.938;	-1;	5.838722441926915;	0.9873400686370265;
-2212;	0.938;	-1;	3.7586840045187357;	0.9702439074634358;
-2212;	0.938;	-1;	1.1406647986564677;	0.7723856043211317;
-2212;	0.938;	-1;	1.1352362261547153;	0.7708963421253613;
-2212;	0.938;	-1;	0.6404716144313969;	0.5638933467441416;
-2212;	0.938;	-1;	3.8593362345097635;	0.9717113852580839;
-2212;	0.938;	-1;	1.4683210153642696;	0.8427207312530215;
-2212;	0.938;	-1;	1.851061991892492;	0.8920107915957027;
-2212;	0.938;	-1;	4.593632392343994;	0.9797821557219992;
-2212;	0.938;	-1;	5.24255515208074;	0.9843680747467992;
-2212;	0.938;	-1;	1.3247018577318295;	0.8161205046630344;
-2212;	0.938;	-1;	3.9589439084336484;	0.9730606945276967;
-2212;	0.938;	-1;	0.1359126361752284;	0.14339869845720005;
-2212;	0.938;	-1;	0.8691805423380117;	0.6796867109067235;
-2212;	0.938;	-1;	8.051140073104492;	0.9932815819666554;
-2212;	0.938;	-1;	1.418679979075267;	0.8341573676741031;
-2212;	0.938;	-1;	2.699387351803368;	0.9445963567507899;
-2212;	0.938;	-1;	3.9807556469896515;	0.9733434358883272;
-2212;	0.938;	-1;	5.24158433384306;	0.9843624188165656;
-2212;	0.938;	-1;	3.8910924429179268;	0.9721522131312103;
-2212;	0.938;	-1;	1.9468877313029636;	0.9008913814176056;
-2212;	0.938;	-1;	3.4268265057927865;	0.9645197019219173;
-2212;	0.938;	-1;	5.555652291266346;	0.9860446819696379;
-2212;	0.938;	-1;	5.0436072850911975;	0.9831421594053411;
-2212;	0.938;	-1;	0.23622481353416283;	0.244213514979752;
-2212;	0.938;	-1;	3.0614276899414103;	0.9561275243232308;
-2212;	0.938;	-1;	8.766047247128036;	0.9943237951967142;
-2212;	0.938;	-1;	3.4764244596718914;	0.9654734207587378;
-2212;	0.938;	-1;	0.466264134122495;	0.4451229215803889;
-2212;	0.938;	-1;	3.2483601990815303;	0.9607469169034496;
-2212;	0.938;	-1;	6.885420428902291;	0.9908479021269058;
-2212;	0.938;	-1;	1.7998238144957412;	0.8867945998962855;
-2212;	0.938;	-1;	3.173868413013684;	0.958995852796131;
-2212;	0.938;	-1;	6.299891469289829;	0.9890966212552366;
-2212;	0.938;	-1;	4.182588040680077;	0.9757635123846788;
-2212;	0.938;	-1;	2.6771266921513073;	0.9437477636659344;
-2212;	0.938;	-1;	0.8395494503696849;	0.6669211582225311;
-2212;	0.938;	-1;	3.6797397241469416;	0.9690128253586185;
-2212;	0.938;	-1;	2.6627967235085745;	0.9431914423054325;
-2212;	0.938;	-1;	1.9712547252460804;	0.9029836562832049;
-2212;	0.938;	-1;	2.747631194241687;	0.9463725554402901;
-2212;	0.938;	-1;	1.0047104193557463;	0.7309571775103962;
-2212;	0.938;	-1;	4.985490008743373;	0.9827570020080225;
-2212;	0.938;	-1;	5.393527173232574;	0.985211900540124;
-2212;	0.938;	-1;	1.9076635464588614;	0.897386324692181;
-2212;	0.938;	-1;	3.807127529114963;	0.9709638974094764;
-2212;	0.938;	-1;	2.9646161241470863;	0.9534157904300935;
-2212;	0.938;	-1;	7.645208104994462;	0.9925573525977379;
-2212;	0.938;	-1;	5.739519435392654;	0.9869072847575026;
-2212;	0.938;	-1;	4.371381593561124;	0.9777439321664371;
-2212;	0.938;	-1;	1.6959055028649832;	0.8750691166512723;
-2212;	0.938;	-1;	4.944250575057963;	0.9824757072898787;
-2212;	0.938;	-1;	2.5793016604662586;	0.939784983345253;
-2212;	0.938;	-1;	1.127995320252704;	0.7688900210282139;
-2212;	0.938;	-1;	5.177279481940394;	0.9839808929945417;
-2212;	0.938;	-1;	4.185248578427928;	0.9757932070987135;
-2212;	0.938;	-1;	2.285258109986922;	0.9251034692150113;
-2212;	0.938;	-1;	0.9479193154804897;	0.7108160983577536;
-2212;	0.938;	-1;	4.438252859509246;	0.978388125198041;
-2212;	0.938;	-1;	3.8871133380754412;	0.9720975355676683;
-2212;	0.938;	-1;	8.596319424409263;	0.9940994372641307;
-2212;	0.938;	-1;	2.7110540340017204;	0.945033666630692;
-2212;	0.938;	-1;	5.489924326410429;	0.9857156911189019;
-2212;	0.938;	-1;	6.578741158019975;	0.9899878037879611;
-2212;	0.938;	-1;	1.7634593590034902;	0.8828745266437589;
-2212;	0.938;	-1;	3.87244087324429;	0.9718945407239766;
-2212;	0.938;	-1;	1.5207771327682467;	0.8511239999465069;
-2212;	0.938;	-1;	4.341830970835425;	0.9774501557127604;
-2212;	0.938;	-1;	0.466264134122495;	0.4451229215803889;
-2212;	0.938;	-1;	2.4455101776651844;	0.9336753519324329;
-2212;	0.938;	-1;	0.8371165607763353;	0.6658460490810446;
-2212;	0.938;	-1;	0.9298151050918672;	0.704001431118981;
-2212;	0.938;	-1;	3.7275537153083387;	0.9697672288942634;
-2212;	0.938;	-1;	1.6264694049627864;	0.8662657411871661;
-2212;	0.938;	-1;	5.019066634688665;	0.9829810989476264;
-2212;	0.938;	-1;	0.9391060793515288;	0.7075233189906787;
-2212;	0.938;	-1;	0.6292886832190391;	0.5571221316287637;
-2212;	0.938;	-1;	1.1931942366312367;	0.7861613953337532;
-2212;	0.938;	-1;	0.9153257960973513;	0.6984035355800531;
-2212;	0.938;	-1;	4.260686932442462;	0.976613245982126;
-2212;	0.938;	-1;	4.310377829216947;	0.9771311037803548;
-2212;	0.938;	-1;	3.5454484399902078;	0.9667390163786778;
-2212;	0.938;	-1;	0.7779317121759467;	0.6383738208589271;
-2212;	0.938;	-1;	5.0436072850911975;	0.9831421594053411;
-2212;	0.938;	-1;	0.727206095359108;	0.612706461856419;
-2212;	0.938;	-1;	0.6626852140262374;	0.5770129921524848;
-2212;	0.938;	-1;	3.8528707729724077;	0.9716203707500642;
-2212;	0.938;	-1;	1.0110298571605094;	0.7330875233330401;
-2212;	0.938;	-1;	1.0833697045168837;	0.7560068780556891;
-2212;	0.938;	-1;	0.6367630506499258;	0.5616602794209193;
-2212;	0.938;	-1;	0.303058820727924;	0.3074421186428774;
-2212;	0.938;	-1;	4.993778091938507;	0.9828127243895275;
-2212;	0.938;	-1;	1.6247866063299543;	0.8660417868286413;
-2212;	0.938;	-1;	5.778390855719263;	0.9870794548016041;
-2212;	0.938;	-1;	0.6401921625953109;	0.5637255072063657;
-2212;	0.938;	-1;	3.474931788688952;	0.9654452723966185;
-2212;	0.938;	-1;	3.1794845357241477;	0.9591318301332238;
-2212;	0.938;	-1;	2.8322701466182565;	0.9492938810571403;
-2212;	0.938;	-1;	2.892847906330542;	0.951244136808935;
-2212;	0.938;	-1;	2.9138142741945803;	0.9518936247612378;
-2212;	0.938;	-1;	5.664896194664471;	0.9865670393455107;
-2212;	0.938;	-1;	0.7472919595325511;	0.623113540609979;
-2212;	0.938;	-1;	4.012562513746173;	0.9737479353793789;
-2212;	0.938;	-1;	3.0485194965097397;	0.9557795373772714;
-2212;	0.938;	-1;	2.2197715229090584;	0.921136044012073;
-2212;	0.938;	-1;	3.30937779901147;	0.962100571631845;
-2212;	0.938;	-1;	7.530452004248808;	0.9923314106524468;
-2212;	0.938;	-1;	0.5478355501808914;	0.5043303855718552;
-2212;	0.938;	-1;	4.042810188949884;	0.9741242354796739;
-2212;	0.938;	-1;	2.9095892739603304;	0.9517637668014178;
-2212;	0.938;	-1;	0.8152984242576456;	0.6560166179995118;
-2212;	0.938;	-1;	3.7738877733414387;	0.9704726868981373;
-2212;	0.938;	-1;	4.118113845361369;	0.9750270825115807;
-2212;	0.938;	-1;	1.413039787822512;	0.8331444026519397;
-2212;	0.938;	-1;	1.7968250667763959;	0.8864783875287922;
-2212;	0.938;	-1;	2.0480181376211;	0.9091782842764519;
-2212;	0.938;	-1;	3.491221992779605;	0.9657506497064086;
-2212;	0.938;	-1;	3.613334037692198;	0.9679181299757148;
-2212;	0.938;	-1;	2.5319949722584383;	0.9377217287644937;
-2212;	0.938;	-1;	1.1098399752617492;	0.7637578582474096;
-2212;	0.938;	-1;	1.8283563524512938;	0.8897420972424653;
-2212;	0.938;	-1;	2.3909615439961303;	0.9309244878693873;
-2212;	0.938;	-1;	2.263768146850291;	0.9238338556304252;
-2212;	0.938;	-1;	9.03859434193862;	0.9946582547832596;
-2212;	0.938;	-1;	4.184186769813699;	0.9757813625393386;
-2212;	0.938;	-1;	0.49590621957583875;	0.46738557263234953;
-2212;	0.938;	-1;	4.401488617014517;	0.9780374398745139;
-2212;	0.938;	-1;	3.911316604233802;	0.9724276824567435;
-2212;	0.938;	-1;	3.9250418201477806;	0.9726123413678822;
-2212;	0.938;	-1;	0.5236544629476579;	0.48745102948087643;
-2212;	0.938;	-1;	4.068825546001696;	0.9744415312367177;
-2212;	0.938;	-1;	1.0526359093756017;	0.7465904059179006;
-2212;	0.938;	-1;	2.373875234176809;	0.9300288606267632;
-2212;	0.938;	-1;	4.217598719427443;	0.9761500005039289;
-2212;	0.938;	-1;	7.676127600283101;	0.9926165288397696;
-2212;	0.938;	-1;	2.056370473782475;	0.9098179706869997;
-2212;	0.938;	-1;	4.663137365243812;	0.9803628622042702;
-2212;	0.938;	-1;	2.11887891945269;	0.9144070072011461;
-2212;	0.938;	-1;	2.751206675741392;	0.9465008749099624;
-2212;	0.938;	-1;	3.283277061406332;	0.9615300711243376;
-2212;	0.938;	-1;	4.747404242544445;	0.9810342676714642;
-2212;	0.938;	-1;	0.7534121736028692;	0.6262204731274099;
-2212;	0.938;	-1;	0.5783314492641741;	0.5248217168010583;
-2212;	0.938;	-1;	1.392112987335798;	0.8293114536188962;
-2212;	0.938;	-1;	5.367573460499632;	0.9850717397962312;
-2212;	0.938;	-1;	3.867034833699329;	0.97181919690915;
-2212;	0.938;	-1;	0.2346564440735911;	0.24268790308387758;
-2212;	0.938;	-1;	3.6765038360235667;	0.9689607689014064;
-2212;	0.938;	-1;	0.6206866787762163;	0.551836841588853;
-2212;	0.938;	-1;	5.599637233482183;	0.9862585775122285;
-2212;	0.938;	-1;	1.1134438775389623;	0.7647883191509485;
-2212;	0.938;	-1;	0.5210808684801238;	0.48562139372383684;
-2212;	0.938;	-1;	9.465630698486164;	0.9951259236019934;
-2212;	0.938;	-1;	1.6600265818236164;	0.8706248150336718;
-2212;	0.938;	-1;	2.7287397250432295;	0.945687055356967;
-2212;	0.938;	-1;	2.154286689747676;	0.9168592736697944;
-2212;	0.938;	-1;	0.6367630506499258;	0.5616602794209193;
-2212;	0.938;	-1;	2.574648075555958;	0.9395864601063142;
-2212;	0.938;	-1;	3.5950571217845764;	0.9676068182803166;
-2212;	0.938;	-1;	0.877312404843054;	0.6830859274949022;
-2212;	0.938;	-1;	2.2756099955269136;	0.9245372670379834;
-2212;	0.938;	-1;	0.4902900142099572;	0.463233307345366;
-2212;	0.938;	-1;	1.0322857613141818;	0.7400976398536748;
-2212;	0.938;	-1;	9.72917842256462;	0.9953846082989383;
-2212;	0.938;	-1;	2.8001074843576985;	0.9482118003164619;
-2212;	0.938;	-1;	4.531186543193846;	0.9792384122119855;
-2212;	0.938;	-1;	0.9989790658136937;	0.7290064201403387;
-2212;	0.938;	-1;	2.745804462805546;	0.9463068230388374;
-2212;	0.938;	-1;	6.250201088011249;	0.9889254447222277;
-2212;	0.938;	-1;	0.9235143631481862;	0.701583088440941;
-2212;	0.938;	-1;	1.36361660564911;	0.8238970323708482;
-2212;	0.938;	-1;	5.344451723621333;	0.9849452005329394;
-2212;	0.938;	-1;	0.6959600292286907;	0.5958604780663496;
-2212;	0.938;	-1;	6.137484205376989;	0.9885219750747278;
-2212;	0.938;	-1;	1.5762052751491475;	0.8593449800764772;
-2212;	0.938;	-1;	2.9741741858077178;	0.9536942813511419;
-2212;	0.938;	-1;	7.677838716110478;	0.9926197831576792;
-2212;	0.938;	-1;	0.2207597338929065;	0.22909228591902556;
-2212;	0.938;	-1;	0.8345419303528134;	0.6647037686485061;
-2212;	0.938;	-1;	2.8247110054773743;	0.9490425506590481;
-2212;	0.938;	-1;	4.915967445834035;	0.9822788254690861;
-2212;	0.938;	-1;	1.5371550905370608;	0.8536207957778966;
-2212;	0.938;	-1;	5.790768798424244;	0.9871335715550769;
-2212;	0.938;	-1;	1.7628225272187783;	0.8828041846945779;
-2212;	0.938;	-1;	3.773828893581292;	0.9704718059217073;
-2212;	0.938;	-1;	1.0592565615911944;	0.7486578694234175;
-2212;	0.938;	-1;	3.4247265545114693;	0.9644784690724333;
-2212;	0.938;	-1;	0.9791834633754801;	0.7221297144693278;
-2212;	0.938;	-1;	0.7253315115007758;	0.6117185326283454;
-2212;	0.938;	-1;	1.6484723557309051;	0.8691465916336799;
-2212;	0.938;	-1;	0.9737829468531475;	0.7202155929553644;
-2212;	0.938;	-1;	4.304347058753627;	0.9770691651113644;
-2212;	0.938;	-1;	0.5351443728920262;	0.49554154317490406;
-2212;	0.938;	-1;	4.385286970187129;	0.9778802115164537;
-2212;	0.938;	-1;	7.05697505856617;	0.9912817361085282;
-2212;	0.938;	-1;	2.413902768494475;	0.9321011583078547;
-2212;	0.938;	-1;	0.39270290239162997;	0.3861813816776738;
-2212;	0.938;	-1;	1.1776484418102033;	0.7822015164900322;
-2212;	0.938;	-1;	4.562048801685926;	0.9795098210146699;
-2212;	0.938;	-1;	1.3912484402424319;	0.8291505365320736;
-2212;	0.938;	-1;	1.093632628109641;	0.759050587590938;
-2212;	0.938;	-1;	0.8822691695776351;	0.68513638471804;
-2212;	0.938;	-1;	4.3575427286041855;	0.9776070646698946;
-2212;	0.938;	-1;	1.103158763378146;	0.7618319424961315;
-2212;	0.938;	-1;	1.7312509523867416;	0.879241114360692;
-2212;	0.938;	-1;	7.801780409363574;	0.9928499208518445;
-2212;	0.938;	-1;	7.324305613042918;	0.9918989682830429;
-2212;	0.938;	-1;	5.305401679185658;	0.984727835137099;
-2212;	0.938;	-1;	0.4873557377776936;	0.461051668709118;
-2212;	0.938;	-1;	7.077447602442281;	0.9913314478591023;
-2212;	0.938;	-1;	1.7960152560020892;	0.8863927809674068;
-2212;	0.938;	-1;	1.0409366795809436;	0.7428834342888848;
-2212;	0.938;	-1;	1.6801495956589698;	0.8731441570516415;
-2212;	0.938;	-1;	0.5185008396941031;	0.4837807552601549;
-2212;	0.938;	-1;	7.496072826732742;	0.9922617248189024;
-2212;	0.938;	-1;	1.0712911763353603;	0.752360793129221;
-2212;	0.938;	-1;	2.006200943874018;	0.905876129633692;
-2212;	0.938;	-1;	4.53591798337944;	0.9792803665255749;
-2212;	0.938;	-1;	3.0453668873429685;	0.9556939326383735;
-2212;	0.938;	-1;	1.7867224928221395;	0.8854038802377177;
-2212;	0.938;	-1;	3.6594383501719223;	0.9686840850233268;
-2212;	0.938;	-1;	0.37498236140065305;	0.3712049394447988;
-2212;	0.938;	-1;	3.4795862124593206;	0.9655329327051602;
-2212;	0.938;	-1;	3.9446154005206897;	0.9728725354634068;
-2212;	0.938;	-1;	2.772496145717249;	0.947255732208435;
-2212;	0.938;	-1;	1.7835151147576518;	0.8850597473604188;
-2212;	0.938;	-1;	5.6071427043698465;	0.9862945878861544;
-2212;	0.938;	-1;	4.918189475964097;	0.9822944119809097;
-2212;	0.938;	-1;	0.5379668012387018;	0.4975094826675155;
-2212;	0.938;	-1;	1.922518036995492;	0.8987341210927884;
-2212;	0.938;	-1;	3.6152646574050427;	0.9679507562850256;
-2212;	0.938;	-1;	4.32020185750909;	0.9772314710053077;
-2212;	0.938;	-1;	6.751966814998871;	0.9904877385368048;
-2212;	0.938;	-1;	2.204910174498952;	0.9201936727173644;
-2212;	0.938;	-1;	4.014939053681388;	0.973777793281058;
-2212;	0.938;	-1;	0.8507618800504639;	0.6718226046423343;
-2212;	0.938;	-1;	1.727621342127956;	0.8788217744350155;
-2212;	0.938;	-1;	7.721772585393071;	0.9927026109422814;
-2212;	0.938;	-1;	2.634963965624767;	0.9420877814722701;
-2212;	0.938;	-1;	2.47121187486565;	0.9349167394580737;
-2212;	0.938;	-1;	3.6070986905752935;	0.9678124209689414;
-2212;	0.938;	-1;	2.23283107454281;	0.9219510053055276;
-2212;	0.938;	-1;	1.3053297932116619;	0.8120760412429666;
-2212;	0.938;	-1;	3.3920196717370037;	0.9638270493828868;
-2212;	0.938;	-1;	2.2641075275810114;	0.9238541462494807;
-2212;	0.938;	-1;	3.474370994512388;	0.9654346883608166;
-2212;	0.938;	-1;	1.897171038724764;	0.8964189162979117;
-2212;	0.938;	-1;	2.586019817280216;	0.9400699133454459;
-2212;	0.938;	-1;	3.770711001861055;	0.9704250995665009;
-2212;	0.938;	-1;	3.7760559766433546;	0.9705051011720796;
-2212;	0.938;	-1;	1.1073969641325554;	0.7630559926584743;
-2212;	0.938;	-1;	1.0463328509714296;	0.744601811314686;
-2212;	0.938;	-1;	6.778066915339506;	0.9905598225825532;
-2212;	0.938;	-1;	0.5768385780395067;	0.5238390731209631;
-2212;	0.938;	-1;	2.958003391848968;	0.9532216792441635;
-2212;	0.938;	-1;	1.717086930071975;	0.8775930694245772;
-2212;	0.938;	-1;	1.901122297661568;	0.8967847345835119;
-2212;	0.938;	-1;	2.046101310498823;	0.909030564520823;
-2212;	0.938;	-1;	1.557119592410294;	0.8565867714317478;
-2212;	0.938;	-1;	3.79054236589637;	0.9707203272404505;
-2212;	0.938;	-1;	3.863900903053286;	0.9717753825919319;
-2212;	0.938;	-1;	1.6762088355601756;	0.8726562180313784;
-2212;	0.938;	-1;	1.572704326238168;	0.8588445711001634;
-2212;	0.938;	-1;	6.318503641683686;	0.9891597227965464;
-2212;	0.938;	-1;	1.5488664711071771;	0.8553708371278557;
-2212;	0.938;	-1;	2.261462767258837;	0.9236958170856697;
-2212;	0.938;	-1;	1.6860468305444545;	0.873869472846467;
-2212;	0.938;	-1;	4.614539766732973;	0.9799594871926744;
-2212;	0.938;	-1;	3.0587772852466717;	0.956056401478796;
-2212;	0.938;	-1;	4.592240915714353;	0.9797702709481781;
-2212;	0.938;	-1;	3.8211580305357287;	0.9711676189158502;
-2212;	0.938;	-1;	2.054589679213346;	0.9096821249219582;
-2212;	0.938;	-1;	4.021792390059592;	0.9738636149557568;
-2212;	0.938;	-1;	2.7030907808906455;	0.9447357224686405;
-2212;	0.938;	-1;	4.640438729998275;	0.9801759717196482;
-2212;	0.938;	-1;	1.5070423860329878;	0.8489846447121786;
-2212;	0.938;	-1;	2.344636696982285;	0.9284568461107684;
-2212;	0.938;	-1;	5.355614210730362;	0.9850064884634705;
-2212;	0.938;	-1;	3.81715186676587;	0.9711096658409273;
-2212;	0.938;	-1;	4.895305778295775;	0.9821329116771423;
-2212;	0.938;	-1;	3.0372965950866573;	0.9554736849186697;
-2212;	0.938;	-1;	3.5691246341360787;	0.9671574053656139;
-2212;	0.938;	-1;	2.6528843679698535;	0.9428019227565005;
-2212;	0.938;	-1;	0.9219530669150139;	0.7009800575437862;
-2212;	0.938;	-1;	3.1223323836446366;	0.9577164434532549;
-2212;	0.938;	-1;	5.126040958870501;	0.9836668897038061;
-2212;	0.938;	-1;	3.9668056941887135;	0.973163114589666;
-2212;	0.938;	-1;	5.6985698987553;	0.9867221865528524;
-2212;	0.938;	-1;	0.6647962474979308;	0.5782371706251268;
-2212;	0.938;	-1;	2.013580844265261;	0.9064712103541623;
-2212;	0.938;	-1;	5.93876217877682;	0.9877552591276839;
-2212;	0.938;	-1;	2.2063264743405497;	0.920284177532479;
-2212;	0.938;	-1;	1.4668563979817522;	0.8424768494093418;
-2212;	0.938;	-1;	2.022119432209928;	0.9071530476176922;
-2212;	0.938;	-1;	5.131992554518761;	0.9837038304493727;
-2212;	0.938;	-1;	1.8615884127202367;	0.8930402121080973;
-2212;	0.938;	-1;	2.8234029010541515;	0.9489988734522743;
-2212;	0.938;	-1;	2.0724654434583467;	0.911032613848981;
-2212;	0.938;	-1;	6.501343162898032;	0.9897516699178698;
-2212;	0.938;	-1;	1.1223280507561058;	0.7673037138056231;
-2212;	0.938;	-1;	8.419901193050011;	0.9938518830015686;
-2212;	0.938;	-1;	3.544286072876878;	0.9667182737952618;
-2212;	0.938;	-1;	1.567824264899622;	0.8581429121929298;
-2212;	0.938;	-1;	3.505841521532312;	0.9660213339438687;
-2212;	0.938;	-1;	4.183941290005036;	0.9757786229705169;
-2212;	0.938;	-1;	3.2569456242917227;	0.9609416388251432;
-2212;	0.938;	-1;	9.615943971335316;	0.9952760429419801;
-2212;	0.938;	-1;	2.122476043879276;	0.9146608339141263;
-2212;	0.938;	-1;	0.5019555030328884;	0.47182368342486425;
-2212;	0.938;	-1;	1.7085175951666405;	0.8765806416228457;
-2212;	0.938;	-1;	4.808295639504553;	0.981498419460782;
-2212;	0.938;	-1;	1.394276757890269;	0.8297132910211762;
-2212;	0.938;	-1;	0.4165908694502197;	0.4058959790390871;
-2212;	0.938;	-1;	0.8360344075132315;	0.6653665016994065;
-2212;	0.938;	-1;	0.3391175583198841;	0.3399950759300406;
-2212;	0.938;	-1;	8.422560027958541;	0.993855728369538;
-2212;	0.938;	-1;	4.053403969623803;	0.9742541423377271;
-2212;	0.938;	-1;	2.53579711347931;	0.9378913217060402;
-2212;	0.938;	-1;	3.0912742337031505;	0.9569169251404489;
-2212;	0.938;	-1;	3.940362200171959;	0.9728163090288964;
-2212;	0.938;	-1;	0.6965543773712143;	0.5961885204127695;
-2212;	0.938;	-1;	1.8478985459015331;	0.8916986871348722;
-2212;	0.938;	-1;	1.487173304959782;	0.8458141730288756;
-2212;	0.938;	-1;	1.1319583183690998;	0.7699909219710882;
-2212;	0.938;	-1;	5.426149010980808;	0.985385310002083;
-2212;	0.938;	-1;	3.903671222119122;	0.9723240219645338;
-2212;	0.938;	-1;	1.2110351790621112;	0.7905895834009811;
-2212;	0.938;	-1;	1.439213434741939;	0.8377750176271992;
-2212;	0.938;	-1;	0.9294208990349851;	0.7038508409245129;
-2212;	0.938;	-1;	2.032017897645835;	0.9079346322718778;
-2212;	0.938;	-1;	4.737963321363543;	0.9809607567073441;
-2212;	0.938;	-1;	2.5879198406096355;	0.9401501414791553;
-2212;	0.938;	-1;	1.104696148562581;	0.7622769067032036;
-2212;	0.938;	-1;	0.7821664638815704;	0.6404258786190385;
-2212;	0.938;	-1;	6.83433025021892;	0.9907124647907166;
-2212;	0.938;	-1;	1.4488037173589112;	0.8394277526324682;
-2212;	0.938;	-1;	3.0278373913755674;	0.9552134833475631;
-2212;	0.938;	-1;	2.4615896620278614;	0.9344559626101406;
-2212;	0.938;	-1;	3.81077631389839;	0.971017081603183;
-2212;	0.938;	-1;	4.294268266065332;	0.9769650949230382;
-2212;	0.938;	-1;	5.214846027441749;	0.9842054381868057;
-2212;	0.938;	-1;	0.8268553708690294;	0.6612655747180927;
-2212;	0.938;	-1;	2.836113779175476;	0.9494209821873678;
-2212;	0.938;	-1;	1.2324417804184504;	0.7957438824149196;
-2212;	0.938;	-1;	1.1404889208392162;	0.7723375530297321;
-2212;	0.938;	-1;	2.4006120479586035;	0.931423035688178;
-2212;	0.938;	-1;	3.2659418676519643;	0.9611441584713268;
-2212;	0.938;	-1;	0.6245610258413504;	0.5542256443608254;
-2212;	0.938;	-1;	11.200051017046754;	0.9965113420914249;
-2212;	0.938;	-1;	2.5003227113722737;	0.9362825120430792;
-2212;	0.938;	-1;	1.3330546477545473;	0.8178282164260077;
-2212;	0.938;	-1;	4.340431648643564;	0.9774361020623056;
-2212;	0.938;	-1;	0.3468654104649237;	0.34683773166790977;
-2212;	0.938;	-1;	0.6869343803814161;	0.5908420909331855;
-2212;	0.938;	-1;	2.5276836918685057;	0.9375286113148297;
-2212;	0.938;	-1;	4.507375704033223;	0.9790253522233839;
-2212;	0.938;	-1;	3.1008634351014233;	0.9571661266727862;
