# hega-rs ver.0.2.9 distribution : N(Nu, [pi+]); total-items=20303132
 lbin;	 rbin;	 value
#UrQmdF19 in Lab: false
-30;	-29.97;	1
-29.97;	-29.94;	0
-29.94;	-29.91;	0
-29.91;	-29.88;	0
-29.88;	-29.85;	0
-29.85;	-29.82;	0
-29.82;	-29.79;	0
-29.79;	-29.76;	0
-29.76;	-29.73;	0
-29.73;	-29.7;	0
-29.7;	-29.67;	0
-29.67;	-29.64;	0
-29.64;	-29.61;	0
-29.61;	-29.58;	0
-29.58;	-29.55;	0
-29.55;	-29.52;	0
-29.52;	-29.49;	0
-29.49;	-29.46;	0
-29.46;	-29.43;	0
-29.43;	-29.4;	0
-29.4;	-29.37;	0
-29.37;	-29.34;	0
-29.34;	-29.31;	0
-29.31;	-29.28;	0
-29.28;	-29.25;	0
-29.25;	-29.22;	0
-29.22;	-29.19;	0
-29.19;	-29.16;	0
-29.16;	-29.13;	0
-29.13;	-29.1;	0
-29.1;	-29.07;	0
-29.07;	-29.04;	0
-29.04;	-29.01;	0
-29.01;	-28.98;	0
-28.98;	-28.95;	0
-28.95;	-28.92;	0
-28.92;	-28.89;	0
-28.89;	-28.86;	0
-28.86;	-28.83;	0
-28.83;	-28.8;	0
-28.8;	-28.77;	0
-28.77;	-28.74;	0
-28.74;	-28.71;	0
-28.71;	-28.68;	0
-28.68;	-28.65;	0
-28.65;	-28.62;	0
-28.62;	-28.59;	0
-28.59;	-28.56;	0
-28.56;	-28.53;	0
-28.53;	-28.5;	0
-28.5;	-28.47;	0
-28.47;	-28.44;	0
-28.44;	-28.41;	0
-28.41;	-28.38;	0
-28.38;	-28.35;	0
-28.35;	-28.32;	0
-28.32;	-28.29;	0
-28.29;	-28.26;	0
-28.26;	-28.23;	0
-28.23;	-28.2;	0
-28.2;	-28.17;	0
-28.17;	-28.14;	0
-28.14;	-28.11;	0
-28.11;	-28.08;	0
-28.08;	-28.05;	0
-28.05;	-28.02;	0
-28.02;	-27.990000000000002;	0
-27.990000000000002;	-27.96;	0
-27.96;	-27.93;	0
-27.93;	-27.9;	0
-27.9;	-27.87;	0
-27.87;	-27.84;	0
-27.84;	-27.81;	0
-27.81;	-27.78;	0
-27.78;	-27.75;	0
-27.75;	-27.72;	0
-27.72;	-27.69;	0
-27.69;	-27.66;	0
-27.66;	-27.63;	0
-27.63;	-27.6;	0
-27.6;	-27.57;	0
-27.57;	-27.54;	0
-27.54;	-27.51;	0
-27.51;	-27.48;	0
-27.48;	-27.45;	0
-27.45;	-27.42;	0
-27.42;	-27.39;	0
-27.39;	-27.36;	0
-27.36;	-27.33;	0
-27.33;	-27.3;	0
-27.3;	-27.27;	0
-27.27;	-27.240000000000002;	0
-27.240000000000002;	-27.21;	0
-27.21;	-27.18;	0
-27.18;	-27.15;	0
-27.15;	-27.12;	0
-27.12;	-27.09;	0
-27.09;	-27.06;	0
-27.06;	-27.03;	0
-27.03;	-27;	0
-27;	-26.97;	0
-26.97;	-26.94;	0
-26.94;	-26.91;	0
-26.91;	-26.88;	0
-26.88;	-26.85;	0
-26.85;	-26.82;	0
-26.82;	-26.79;	0
-26.79;	-26.76;	0
-26.76;	-26.73;	0
-26.73;	-26.7;	0
-26.7;	-26.67;	0
-26.67;	-26.64;	0
-26.64;	-26.61;	0
-26.61;	-26.58;	0
-26.58;	-26.55;	0
-26.55;	-26.52;	0
-26.52;	-26.490000000000002;	0
-26.490000000000002;	-26.46;	0
-26.46;	-26.43;	0
-26.43;	-26.4;	0
-26.4;	-26.37;	0
-26.37;	-26.34;	0
-26.34;	-26.31;	0
-26.31;	-26.28;	0
-26.28;	-26.25;	0
-26.25;	-26.22;	0
-26.22;	-26.19;	0
-26.19;	-26.16;	0
-26.16;	-26.13;	0
-26.13;	-26.1;	0
-26.1;	-26.07;	0
-26.07;	-26.04;	0
-26.04;	-26.01;	0
-26.01;	-25.98;	0
-25.98;	-25.95;	0
-25.95;	-25.92;	0
-25.92;	-25.89;	0
-25.89;	-25.86;	0
-25.86;	-25.83;	0
-25.83;	-25.8;	0
-25.8;	-25.77;	0
-25.77;	-25.740000000000002;	0
-25.740000000000002;	-25.71;	0
-25.71;	-25.68;	0
-25.68;	-25.65;	0
-25.65;	-25.62;	0
-25.62;	-25.59;	0
-25.59;	-25.560000000000002;	0
-25.560000000000002;	-25.53;	0
-25.53;	-25.5;	0
-25.5;	-25.47;	0
-25.47;	-25.44;	0
-25.44;	-25.41;	0
-25.41;	-25.38;	0
-25.38;	-25.35;	0
-25.35;	-25.32;	0
-25.32;	-25.29;	0
-25.29;	-25.259999999999998;	0
-25.259999999999998;	-25.23;	0
-25.23;	-25.2;	0
-25.2;	-25.17;	0
-25.17;	-25.14;	0
-25.14;	-25.11;	0
-25.11;	-25.08;	0
-25.08;	-25.05;	0
-25.05;	-25.02;	0
-25.02;	-24.990000000000002;	0
-24.990000000000002;	-24.96;	0
-24.96;	-24.93;	0
-24.93;	-24.9;	0
-24.9;	-24.87;	0
-24.87;	-24.84;	0
-24.84;	-24.810000000000002;	0
-24.810000000000002;	-24.78;	0
-24.78;	-24.75;	0
-24.75;	-24.72;	0
-24.72;	-24.69;	0
-24.69;	-24.66;	0
-24.66;	-24.63;	0
-24.63;	-24.6;	0
-24.6;	-24.57;	0
-24.57;	-24.54;	0
-24.54;	-24.509999999999998;	0
-24.509999999999998;	-24.48;	0
-24.48;	-24.45;	0
-24.45;	-24.42;	0
-24.42;	-24.39;	0
-24.39;	-24.36;	0
-24.36;	-24.33;	0
-24.33;	-24.3;	0
-24.3;	-24.27;	0
-24.27;	-24.240000000000002;	0
-24.240000000000002;	-24.21;	0
-24.21;	-24.18;	0
-24.18;	-24.15;	0
-24.15;	-24.12;	0
-24.12;	-24.09;	0
-24.09;	-24.060000000000002;	0
-24.060000000000002;	-24.03;	0
-24.03;	-24;	0
-24;	-23.97;	0
-23.97;	-23.94;	0
-23.94;	-23.91;	0
-23.91;	-23.88;	0
-23.88;	-23.85;	0
-23.85;	-23.82;	0
-23.82;	-23.79;	0
-23.79;	-23.759999999999998;	0
-23.759999999999998;	-23.73;	0
-23.73;	-23.7;	0
-23.7;	-23.67;	0
-23.67;	-23.64;	0
-23.64;	-23.61;	0
-23.61;	-23.58;	0
-23.58;	-23.55;	0
-23.55;	-23.52;	0
-23.52;	-23.490000000000002;	0
-23.490000000000002;	-23.46;	0
-23.46;	-23.43;	0
-23.43;	-23.4;	0
-23.4;	-23.37;	0
-23.37;	-23.34;	0
-23.34;	-23.310000000000002;	0
-23.310000000000002;	-23.28;	0
-23.28;	-23.25;	0
-23.25;	-23.22;	0
-23.22;	-23.19;	0
-23.19;	-23.16;	0
-23.16;	-23.13;	0
-23.13;	-23.1;	0
-23.1;	-23.07;	0
-23.07;	-23.04;	0
-23.04;	-23.01;	0
-23.01;	-22.98;	0
-22.98;	-22.95;	0
-22.95;	-22.92;	0
-22.92;	-22.89;	0
-22.89;	-22.86;	0
-22.86;	-22.83;	0
-22.83;	-22.8;	0
-22.8;	-22.77;	0
-22.77;	-22.740000000000002;	0
-22.740000000000002;	-22.71;	0
-22.71;	-22.68;	0
-22.68;	-22.65;	0
-22.65;	-22.62;	0
-22.62;	-22.59;	0
-22.59;	-22.560000000000002;	0
-22.560000000000002;	-22.53;	0
-22.53;	-22.5;	0
-22.5;	-22.47;	0
-22.47;	-22.44;	0
-22.44;	-22.41;	0
-22.41;	-22.38;	0
-22.38;	-22.35;	0
-22.35;	-22.32;	0
-22.32;	-22.29;	0
-22.29;	-22.26;	0
-22.26;	-22.23;	0
-22.23;	-22.2;	0
-22.2;	-22.17;	0
-22.17;	-22.14;	0
-22.14;	-22.11;	0
-22.11;	-22.08;	0
-22.08;	-22.05;	0
-22.05;	-22.02;	0
-22.02;	-21.990000000000002;	0
-21.990000000000002;	-21.96;	0
-21.96;	-21.93;	0
-21.93;	-21.9;	0
-21.9;	-21.87;	0
-21.87;	-21.84;	0
-21.84;	-21.810000000000002;	0
-21.810000000000002;	-21.78;	0
-21.78;	-21.75;	0
-21.75;	-21.72;	0
-21.72;	-21.689999999999998;	0
-21.689999999999998;	-21.66;	0
-21.66;	-21.630000000000003;	0
-21.630000000000003;	-21.6;	0
-21.6;	-21.57;	0
-21.57;	-21.54;	0
-21.54;	-21.509999999999998;	0
-21.509999999999998;	-21.48;	0
-21.48;	-21.450000000000003;	0
-21.450000000000003;	-21.42;	0
-21.42;	-21.39;	0
-21.39;	-21.36;	0
-21.36;	-21.33;	0
-21.33;	-21.3;	0
-21.3;	-21.27;	0
-21.27;	-21.240000000000002;	0
-21.240000000000002;	-21.21;	0
-21.21;	-21.18;	0
-21.18;	-21.15;	0
-21.15;	-21.12;	0
-21.12;	-21.09;	0
-21.09;	-21.060000000000002;	0
-21.060000000000002;	-21.03;	0
-21.03;	-21;	0
-21;	-20.97;	0
-20.97;	-20.939999999999998;	0
-20.939999999999998;	-20.91;	0
-20.91;	-20.880000000000003;	0
-20.880000000000003;	-20.85;	0
-20.85;	-20.82;	0
-20.82;	-20.79;	0
-20.79;	-20.759999999999998;	0
-20.759999999999998;	-20.73;	0
-20.73;	-20.700000000000003;	0
-20.700000000000003;	-20.67;	0
-20.67;	-20.64;	0
-20.64;	-20.61;	0
-20.61;	-20.58;	0
-20.58;	-20.55;	0
-20.55;	-20.52;	0
-20.52;	-20.490000000000002;	0
-20.490000000000002;	-20.46;	0
-20.46;	-20.43;	0
-20.43;	-20.4;	0
-20.4;	-20.37;	0
-20.37;	-20.34;	0
-20.34;	-20.310000000000002;	0
-20.310000000000002;	-20.28;	0
-20.28;	-20.25;	0
-20.25;	-20.22;	0
-20.22;	-20.189999999999998;	0
-20.189999999999998;	-20.16;	0
-20.16;	-20.130000000000003;	0
-20.130000000000003;	-20.1;	0
-20.1;	-20.07;	0
-20.07;	-20.04;	0
-20.04;	-20.009999999999998;	0
-20.009999999999998;	-19.98;	0
-19.98;	-19.950000000000003;	0
-19.950000000000003;	-19.92;	0
-19.92;	-19.89;	0
-19.89;	-19.86;	0
-19.86;	-19.83;	0
-19.83;	-19.8;	0
-19.8;	-19.77;	0
-19.77;	-19.740000000000002;	0
-19.740000000000002;	-19.71;	0
-19.71;	-19.68;	0
-19.68;	-19.65;	0
-19.65;	-19.62;	0
-19.62;	-19.59;	0
-19.59;	-19.560000000000002;	0
-19.560000000000002;	-19.53;	0
-19.53;	-19.5;	0
-19.5;	-19.47;	0
-19.47;	-19.44;	0
-19.44;	-19.41;	0
-19.41;	-19.380000000000003;	0
-19.380000000000003;	-19.35;	0
-19.35;	-19.32;	0
-19.32;	-19.29;	0
-19.29;	-19.259999999999998;	0
-19.259999999999998;	-19.23;	0
-19.23;	-19.200000000000003;	0
-19.200000000000003;	-19.17;	0
-19.17;	-19.14;	0
-19.14;	-19.11;	0
-19.11;	-19.08;	0
-19.08;	-19.05;	0
-19.05;	-19.02;	0
-19.02;	-18.990000000000002;	0
-18.990000000000002;	-18.96;	0
-18.96;	-18.93;	0
-18.93;	-18.9;	0
-18.9;	-18.87;	0
-18.87;	-18.84;	0
-18.84;	-18.810000000000002;	0
-18.810000000000002;	-18.78;	0
-18.78;	-18.75;	0
-18.75;	-18.72;	0
-18.72;	-18.69;	0
-18.69;	-18.66;	0
-18.66;	-18.630000000000003;	0
-18.630000000000003;	-18.6;	0
-18.6;	-18.57;	0
-18.57;	-18.54;	0
-18.54;	-18.509999999999998;	0
-18.509999999999998;	-18.48;	0
-18.48;	-18.450000000000003;	0
-18.450000000000003;	-18.42;	0
-18.42;	-18.39;	0
-18.39;	-18.36;	0
-18.36;	-18.33;	0
-18.33;	-18.3;	0
-18.3;	-18.27;	0
-18.27;	-18.240000000000002;	0
-18.240000000000002;	-18.21;	0
-18.21;	-18.18;	0
-18.18;	-18.15;	0
-18.15;	-18.12;	0
-18.12;	-18.09;	0
-18.09;	-18.060000000000002;	0
-18.060000000000002;	-18.03;	0
-18.03;	-18;	0
-18;	-17.97;	0
-17.97;	-17.94;	0
-17.94;	-17.91;	0
-17.91;	-17.880000000000003;	0
-17.880000000000003;	-17.85;	0
-17.85;	-17.82;	0
-17.82;	-17.79;	0
-17.79;	-17.759999999999998;	0
-17.759999999999998;	-17.73;	0
-17.73;	-17.700000000000003;	0
-17.700000000000003;	-17.67;	0
-17.67;	-17.64;	0
-17.64;	-17.61;	0
-17.61;	-17.58;	0
-17.58;	-17.55;	0
-17.55;	-17.52;	0
-17.52;	-17.490000000000002;	0
-17.490000000000002;	-17.46;	0
-17.46;	-17.43;	0
-17.43;	-17.4;	0
-17.4;	-17.37;	0
-17.37;	-17.34;	0
-17.34;	-17.310000000000002;	0
-17.310000000000002;	-17.28;	0
-17.28;	-17.25;	0
-17.25;	-17.22;	0
-17.22;	-17.19;	0
-17.19;	-17.16;	0
-17.16;	-17.130000000000003;	0
-17.130000000000003;	-17.1;	0
-17.1;	-17.07;	0
-17.07;	-17.04;	0
-17.04;	-17.009999999999998;	0
-17.009999999999998;	-16.98;	0
-16.98;	-16.950000000000003;	0
-16.950000000000003;	-16.92;	0
-16.92;	-16.89;	0
-16.89;	-16.86;	0
-16.86;	-16.83;	0
-16.83;	-16.8;	0
-16.8;	-16.770000000000003;	0
-16.770000000000003;	-16.740000000000002;	0
-16.740000000000002;	-16.71;	0
-16.71;	-16.68;	0
-16.68;	-16.65;	0
-16.65;	-16.62;	0
-16.62;	-16.59;	0
-16.59;	-16.560000000000002;	0
-16.560000000000002;	-16.53;	0
-16.53;	-16.5;	0
-16.5;	-16.47;	0
-16.47;	-16.44;	0
-16.44;	-16.41;	0
-16.41;	-16.380000000000003;	0
-16.380000000000003;	-16.35;	0
-16.35;	-16.32;	0
-16.32;	-16.29;	0
-16.29;	-16.259999999999998;	0
-16.259999999999998;	-16.23;	0
-16.23;	-16.200000000000003;	0
-16.200000000000003;	-16.17;	0
-16.17;	-16.14;	0
-16.14;	-16.11;	0
-16.11;	-16.08;	0
-16.08;	-16.05;	0
-16.05;	-16.020000000000003;	0
-16.020000000000003;	-15.99;	0
-15.99;	-15.96;	0
-15.96;	-15.93;	0
-15.93;	-15.9;	0
-15.9;	-15.870000000000001;	0
-15.870000000000001;	-15.84;	0
-15.84;	-15.81;	0
-15.81;	-15.780000000000001;	0
-15.780000000000001;	-15.75;	0
-15.75;	-15.72;	0
-15.72;	-15.690000000000001;	0
-15.690000000000001;	-15.66;	0
-15.66;	-15.63;	0
-15.63;	-15.600000000000001;	0
-15.600000000000001;	-15.57;	0
-15.57;	-15.540000000000001;	0
-15.540000000000001;	-15.51;	0
-15.51;	-15.48;	0
-15.48;	-15.450000000000001;	0
-15.450000000000001;	-15.42;	0
-15.42;	-15.39;	0
-15.39;	-15.360000000000001;	0
-15.360000000000001;	-15.33;	0
-15.33;	-15.3;	0
-15.3;	-15.270000000000001;	0
-15.270000000000001;	-15.24;	0
-15.24;	-15.21;	0
-15.21;	-15.18;	0
-15.18;	-15.15;	0
-15.15;	-15.120000000000001;	0
-15.120000000000001;	-15.09;	0
-15.09;	-15.06;	0
-15.06;	-15.030000000000001;	0
-15.030000000000001;	-15;	0
-15;	-14.97;	0
-14.97;	-14.940000000000001;	0
-14.940000000000001;	-14.91;	0
-14.91;	-14.88;	0
-14.88;	-14.850000000000001;	0
-14.850000000000001;	-14.82;	0
-14.82;	-14.790000000000001;	0
-14.790000000000001;	-14.76;	0
-14.76;	-14.73;	0
-14.73;	-14.700000000000001;	0
-14.700000000000001;	-14.67;	0
-14.67;	-14.64;	0
-14.64;	-14.610000000000001;	0
-14.610000000000001;	-14.58;	0
-14.58;	-14.55;	0
-14.55;	-14.520000000000001;	0
-14.520000000000001;	-14.49;	0
-14.49;	-14.46;	0
-14.46;	-14.43;	0
-14.43;	-14.4;	0
-14.4;	-14.370000000000001;	0
-14.370000000000001;	-14.34;	0
-14.34;	-14.31;	0
-14.31;	-14.280000000000001;	0
-14.280000000000001;	-14.25;	0
-14.25;	-14.22;	0
-14.22;	-14.190000000000001;	0
-14.190000000000001;	-14.16;	0
-14.16;	-14.13;	0
-14.13;	-14.100000000000001;	0
-14.100000000000001;	-14.07;	0
-14.07;	-14.040000000000001;	0
-14.040000000000001;	-14.01;	0
-14.01;	-13.98;	0
-13.98;	-13.95;	0
-13.95;	-13.920000000000002;	0
-13.920000000000002;	-13.89;	0
-13.89;	-13.86;	0
-13.86;	-13.830000000000002;	0
-13.830000000000002;	-13.8;	0
-13.8;	-13.77;	0
-13.77;	-13.740000000000002;	0
-13.740000000000002;	-13.71;	0
-13.71;	-13.68;	0
-13.68;	-13.650000000000002;	0
-13.650000000000002;	-13.620000000000001;	0
-13.620000000000001;	-13.59;	0
-13.59;	-13.560000000000002;	0
-13.560000000000002;	-13.530000000000001;	0
-13.530000000000001;	-13.5;	0
-13.5;	-13.469999999999999;	0
-13.469999999999999;	-13.440000000000001;	0
-13.440000000000001;	-13.41;	0
-13.41;	-13.379999999999999;	0
-13.379999999999999;	-13.350000000000001;	0
-13.350000000000001;	-13.32;	0
-13.32;	-13.29;	0
-13.29;	-13.260000000000002;	0
-13.260000000000002;	-13.23;	0
-13.23;	-13.2;	0
-13.2;	-13.170000000000002;	0
-13.170000000000002;	-13.14;	0
-13.14;	-13.11;	0
-13.11;	-13.080000000000002;	0
-13.080000000000002;	-13.05;	0
-13.05;	-13.02;	0
-13.02;	-12.990000000000002;	0
-12.990000000000002;	-12.96;	0
-12.96;	-12.93;	0
-12.93;	-12.900000000000002;	0
-12.900000000000002;	-12.870000000000001;	0
-12.870000000000001;	-12.84;	0
-12.84;	-12.810000000000002;	0
-12.810000000000002;	-12.780000000000001;	0
-12.780000000000001;	-12.75;	0
-12.75;	-12.719999999999999;	0
-12.719999999999999;	-12.690000000000001;	0
-12.690000000000001;	-12.66;	0
-12.66;	-12.629999999999999;	0
-12.629999999999999;	-12.600000000000001;	0
-12.600000000000001;	-12.57;	0
-12.57;	-12.54;	0
-12.54;	-12.510000000000002;	0
-12.510000000000002;	-12.48;	0
-12.48;	-12.45;	0
-12.45;	-12.420000000000002;	0
-12.420000000000002;	-12.39;	0
-12.39;	-12.36;	0
-12.36;	-12.330000000000002;	0
-12.330000000000002;	-12.3;	0
-12.3;	-12.27;	0
-12.27;	-12.240000000000002;	0
-12.240000000000002;	-12.21;	0
-12.21;	-12.18;	0
-12.18;	-12.150000000000002;	0
-12.150000000000002;	-12.120000000000001;	0
-12.120000000000001;	-12.09;	0
-12.09;	-12.060000000000002;	0
-12.060000000000002;	-12.030000000000001;	0
-12.030000000000001;	-12;	0
-12;	-11.970000000000002;	0
-11.970000000000002;	-11.940000000000001;	0
-11.940000000000001;	-11.91;	0
-11.91;	-11.879999999999999;	0
-11.879999999999999;	-11.850000000000001;	0
-11.850000000000001;	-11.82;	0
-11.82;	-11.79;	0
-11.79;	-11.760000000000002;	0
-11.760000000000002;	-11.73;	0
-11.73;	-11.7;	0
-11.7;	-11.670000000000002;	0
-11.670000000000002;	-11.64;	0
-11.64;	-11.61;	0
-11.61;	-11.580000000000002;	0
-11.580000000000002;	-11.55;	0
-11.55;	-11.52;	0
-11.52;	-11.490000000000002;	0
-11.490000000000002;	-11.46;	0
-11.46;	-11.43;	0
-11.43;	-11.400000000000002;	0
-11.400000000000002;	-11.370000000000001;	0
-11.370000000000001;	-11.34;	0
-11.34;	-11.310000000000002;	0
-11.310000000000002;	-11.280000000000001;	0
-11.280000000000001;	-11.25;	0
-11.25;	-11.220000000000002;	0
-11.220000000000002;	-11.190000000000001;	0
-11.190000000000001;	-11.16;	0
-11.16;	-11.129999999999999;	0
-11.129999999999999;	-11.100000000000001;	0
-11.100000000000001;	-11.07;	0
-11.07;	-11.04;	0
-11.04;	-11.010000000000002;	0
-11.010000000000002;	-10.98;	0
-10.98;	-10.95;	0
-10.95;	-10.920000000000002;	0
-10.920000000000002;	-10.89;	0
-10.89;	-10.86;	0
-10.86;	-10.830000000000002;	0
-10.830000000000002;	-10.8;	0
-10.8;	-10.77;	0
-10.77;	-10.740000000000002;	0
-10.740000000000002;	-10.71;	0
-10.71;	-10.68;	0
-10.68;	-10.650000000000002;	0
-10.650000000000002;	-10.620000000000001;	0
-10.620000000000001;	-10.59;	0
-10.59;	-10.560000000000002;	0
-10.560000000000002;	-10.530000000000001;	0
-10.530000000000001;	-10.5;	0
-10.5;	-10.470000000000002;	0
-10.470000000000002;	-10.440000000000001;	0
-10.440000000000001;	-10.41;	0
-10.41;	-10.379999999999999;	0
-10.379999999999999;	-10.350000000000001;	0
-10.350000000000001;	-10.32;	0
-10.32;	-10.29;	0
-10.29;	-10.260000000000002;	0
-10.260000000000002;	-10.23;	0
-10.23;	-10.2;	0
-10.2;	-10.170000000000002;	0
-10.170000000000002;	-10.14;	0
-10.14;	-10.11;	0
-10.11;	-10.080000000000002;	0
-10.080000000000002;	-10.05;	0
-10.05;	-10.02;	0
-10.02;	-9.990000000000002;	0
-9.990000000000002;	-9.96;	0
-9.96;	-9.93;	0
-9.93;	-9.900000000000002;	0
-9.900000000000002;	-9.870000000000001;	0
-9.870000000000001;	-9.84;	0
-9.84;	-9.810000000000002;	0
-9.810000000000002;	-9.780000000000001;	0
-9.780000000000001;	-9.75;	0
-9.75;	-9.720000000000002;	0
-9.720000000000002;	-9.690000000000001;	0
-9.690000000000001;	-9.66;	0
-9.66;	-9.629999999999999;	0
-9.629999999999999;	-9.600000000000001;	0
-9.600000000000001;	-9.57;	0
-9.57;	-9.54;	0
-9.54;	-9.510000000000002;	0
-9.510000000000002;	-9.48;	0
-9.48;	-9.45;	0
-9.45;	-9.420000000000002;	0
-9.420000000000002;	-9.39;	0
-9.39;	-9.36;	0
-9.36;	-9.330000000000002;	0
-9.330000000000002;	-9.3;	0
-9.3;	-9.27;	0
-9.27;	-9.240000000000002;	0
-9.240000000000002;	-9.21;	0
-9.21;	-9.18;	0
-9.18;	-9.150000000000002;	0
-9.150000000000002;	-9.120000000000001;	0
-9.120000000000001;	-9.09;	0
-9.09;	-9.060000000000002;	0
-9.060000000000002;	-9.030000000000001;	0
-9.030000000000001;	-9;	0
-9;	-8.970000000000002;	0
-8.970000000000002;	-8.940000000000001;	0
-8.940000000000001;	-8.91;	0
-8.91;	-8.880000000000003;	0
-8.880000000000003;	-8.850000000000001;	0
-8.850000000000001;	-8.82;	0
-8.82;	-8.79;	0
-8.79;	-8.760000000000002;	0
-8.760000000000002;	-8.73;	0
-8.73;	-8.7;	0
-8.7;	-8.670000000000002;	0
-8.670000000000002;	-8.64;	0
-8.64;	-8.61;	0
-8.61;	-8.580000000000002;	0
-8.580000000000002;	-8.55;	0
-8.55;	-8.52;	0
-8.52;	-8.490000000000002;	0
-8.490000000000002;	-8.46;	0
-8.46;	-8.43;	0
-8.43;	-8.400000000000002;	0
-8.400000000000002;	-8.370000000000001;	0
-8.370000000000001;	-8.34;	0
-8.34;	-8.310000000000002;	0
-8.310000000000002;	-8.280000000000001;	0
-8.280000000000001;	-8.25;	0
-8.25;	-8.220000000000002;	0
-8.220000000000002;	-8.190000000000001;	0
-8.190000000000001;	-8.16;	0
-8.16;	-8.130000000000003;	0
-8.130000000000003;	-8.100000000000001;	0
-8.100000000000001;	-8.07;	0
-8.07;	-8.04;	0
-8.04;	-8.010000000000002;	0
-8.010000000000002;	-7.98;	0
-7.98;	-7.949999999999999;	0
-7.949999999999999;	-7.920000000000002;	0
-7.920000000000002;	-7.890000000000001;	0
-7.890000000000001;	-7.859999999999999;	0
-7.859999999999999;	-7.830000000000002;	0
-7.830000000000002;	-7.800000000000001;	0
-7.800000000000001;	-7.77;	0
-7.77;	-7.740000000000002;	0
-7.740000000000002;	-7.710000000000001;	0
-7.710000000000001;	-7.68;	0
-7.68;	-7.650000000000002;	0
-7.650000000000002;	-7.620000000000001;	0
-7.620000000000001;	-7.59;	0
-7.59;	-7.560000000000002;	0
-7.560000000000002;	-7.530000000000001;	0
-7.530000000000001;	-7.5;	0
-7.5;	-7.470000000000002;	0
-7.470000000000002;	-7.440000000000001;	0
-7.440000000000001;	-7.41;	0
-7.41;	-7.380000000000003;	0
-7.380000000000003;	-7.350000000000001;	0
-7.350000000000001;	-7.32;	0
-7.32;	-7.289999999999999;	0
-7.289999999999999;	-7.260000000000002;	0
-7.260000000000002;	-7.23;	0
-7.23;	-7.199999999999999;	0
-7.199999999999999;	-7.170000000000002;	0
-7.170000000000002;	-7.140000000000001;	0
-7.140000000000001;	-7.109999999999999;	0
-7.109999999999999;	-7.080000000000002;	0
-7.080000000000002;	-7.050000000000001;	0
-7.050000000000001;	-7.02;	0
-7.02;	-6.990000000000002;	0
-6.990000000000002;	-6.960000000000001;	0
-6.960000000000001;	-6.93;	0
-6.93;	-6.900000000000002;	0
-6.900000000000002;	-6.870000000000001;	0
-6.870000000000001;	-6.84;	0
-6.84;	-6.810000000000002;	0
-6.810000000000002;	-6.780000000000001;	0
-6.780000000000001;	-6.75;	0
-6.75;	-6.720000000000002;	0
-6.720000000000002;	-6.690000000000001;	0
-6.690000000000001;	-6.66;	0
-6.66;	-6.630000000000003;	0
-6.630000000000003;	-6.600000000000001;	0
-6.600000000000001;	-6.57;	0
-6.57;	-6.539999999999999;	0
-6.539999999999999;	-6.510000000000002;	0
-6.510000000000002;	-6.48;	0
-6.48;	-6.449999999999999;	0
-6.449999999999999;	-6.420000000000002;	0
-6.420000000000002;	-6.390000000000001;	0
-6.390000000000001;	-6.359999999999999;	0
-6.359999999999999;	-6.330000000000002;	0
-6.330000000000002;	-6.300000000000001;	0
-6.300000000000001;	-6.27;	0
-6.27;	-6.240000000000002;	0
-6.240000000000002;	-6.210000000000001;	0
-6.210000000000001;	-6.18;	0
-6.18;	-6.150000000000002;	0
-6.150000000000002;	-6.120000000000001;	0
-6.120000000000001;	-6.09;	0
-6.09;	-6.060000000000002;	0
-6.060000000000002;	-6.030000000000001;	0
-6.030000000000001;	-6;	0
-6;	-5.970000000000002;	0
-5.970000000000002;	-5.940000000000001;	0
-5.940000000000001;	-5.91;	0
-5.91;	-5.880000000000003;	0
-5.880000000000003;	-5.850000000000001;	0
-5.850000000000001;	-5.82;	0
-5.82;	-5.789999999999999;	0
-5.789999999999999;	-5.760000000000002;	0
-5.760000000000002;	-5.73;	0
-5.73;	-5.699999999999999;	0
-5.699999999999999;	-5.670000000000002;	0
-5.670000000000002;	-5.640000000000001;	0
-5.640000000000001;	-5.609999999999999;	0
-5.609999999999999;	-5.580000000000002;	1
-5.580000000000002;	-5.550000000000001;	1
-5.550000000000001;	-5.52;	0
-5.52;	-5.490000000000002;	1
-5.490000000000002;	-5.460000000000001;	0
-5.460000000000001;	-5.43;	1
-5.43;	-5.400000000000002;	1
-5.400000000000002;	-5.370000000000001;	2
-5.370000000000001;	-5.34;	2
-5.34;	-5.310000000000002;	2
-5.310000000000002;	-5.280000000000001;	0
-5.280000000000001;	-5.25;	1
-5.25;	-5.220000000000002;	1
-5.220000000000002;	-5.190000000000001;	0
-5.190000000000001;	-5.16;	1
-5.16;	-5.130000000000003;	0
-5.130000000000003;	-5.100000000000001;	0
-5.100000000000001;	-5.07;	1
-5.07;	-5.039999999999999;	0
-5.039999999999999;	-5.010000000000002;	2
-5.010000000000002;	-4.98;	2
-4.98;	-4.949999999999999;	1
-4.949999999999999;	-4.920000000000002;	1
-4.920000000000002;	-4.890000000000001;	3
-4.890000000000001;	-4.859999999999999;	1
-4.859999999999999;	-4.830000000000002;	1
-4.830000000000002;	-4.800000000000001;	3
-4.800000000000001;	-4.77;	4
-4.77;	-4.740000000000002;	0
-4.740000000000002;	-4.710000000000001;	1
-4.710000000000001;	-4.68;	6
-4.68;	-4.650000000000002;	1
-4.650000000000002;	-4.620000000000001;	5
-4.620000000000001;	-4.59;	2
-4.59;	-4.560000000000002;	2
-4.560000000000002;	-4.530000000000001;	5
-4.530000000000001;	-4.5;	5
-4.5;	-4.470000000000002;	2
-4.470000000000002;	-4.440000000000001;	9
-4.440000000000001;	-4.41;	4
-4.41;	-4.380000000000003;	0
-4.380000000000003;	-4.350000000000001;	4
-4.350000000000001;	-4.32;	7
-4.32;	-4.290000000000003;	4
-4.290000000000003;	-4.260000000000002;	11
-4.260000000000002;	-4.23;	5
-4.23;	-4.199999999999999;	4
-4.199999999999999;	-4.170000000000002;	4
-4.170000000000002;	-4.140000000000001;	5
-4.140000000000001;	-4.109999999999999;	3
-4.109999999999999;	-4.080000000000002;	10
-4.080000000000002;	-4.050000000000001;	10
-4.050000000000001;	-4.02;	13
-4.02;	-3.990000000000002;	10
-3.990000000000002;	-3.960000000000001;	13
-3.960000000000001;	-3.9299999999999997;	16
-3.9299999999999997;	-3.900000000000002;	6
-3.900000000000002;	-3.870000000000001;	12
-3.870000000000001;	-3.84;	9
-3.84;	-3.8100000000000023;	8
-3.8100000000000023;	-3.780000000000001;	13
-3.780000000000001;	-3.75;	20
-3.75;	-3.7200000000000024;	23
-3.7200000000000024;	-3.6900000000000013;	16
-3.6900000000000013;	-3.66;	18
-3.66;	-3.6300000000000026;	19
-3.6300000000000026;	-3.6000000000000014;	26
-3.6000000000000014;	-3.5700000000000003;	24
-3.5700000000000003;	-3.5400000000000027;	23
-3.5400000000000027;	-3.5100000000000016;	25
-3.5100000000000016;	-3.4800000000000004;	29
-3.4800000000000004;	-3.4499999999999993;	31
-3.4499999999999993;	-3.4200000000000017;	41
-3.4200000000000017;	-3.3900000000000006;	45
-3.3900000000000006;	-3.3599999999999994;	41
-3.3599999999999994;	-3.330000000000002;	40
-3.330000000000002;	-3.3000000000000007;	43
-3.3000000000000007;	-3.2699999999999996;	40
-3.2699999999999996;	-3.240000000000002;	49
-3.240000000000002;	-3.210000000000001;	56
-3.210000000000001;	-3.1799999999999997;	55
-3.1799999999999997;	-3.150000000000002;	66
-3.150000000000002;	-3.120000000000001;	51
-3.120000000000001;	-3.09;	66
-3.09;	-3.0600000000000023;	68
-3.0600000000000023;	-3.030000000000001;	87
-3.030000000000001;	-3;	58
-3;	-2.9700000000000024;	76
-2.9700000000000024;	-2.9400000000000013;	84
-2.9400000000000013;	-2.91;	95
-2.91;	-2.8800000000000026;	106
-2.8800000000000026;	-2.8500000000000014;	87
-2.8500000000000014;	-2.8200000000000003;	108
-2.8200000000000003;	-2.7900000000000027;	108
-2.7900000000000027;	-2.7600000000000016;	125
-2.7600000000000016;	-2.7300000000000004;	125
-2.7300000000000004;	-2.6999999999999993;	133
-2.6999999999999993;	-2.6700000000000017;	144
-2.6700000000000017;	-2.6400000000000006;	142
-2.6400000000000006;	-2.6099999999999994;	177
-2.6099999999999994;	-2.580000000000002;	189
-2.580000000000002;	-2.5500000000000007;	189
-2.5500000000000007;	-2.5199999999999996;	201
-2.5199999999999996;	-2.490000000000002;	224
-2.490000000000002;	-2.460000000000001;	237
-2.460000000000001;	-2.4299999999999997;	240
-2.4299999999999997;	-2.400000000000002;	252
-2.400000000000002;	-2.370000000000001;	264
-2.370000000000001;	-2.34;	253
-2.34;	-2.3100000000000023;	316
-2.3100000000000023;	-2.280000000000001;	284
-2.280000000000001;	-2.25;	374
-2.25;	-2.2200000000000024;	368
-2.2200000000000024;	-2.1900000000000013;	325
-2.1900000000000013;	-2.16;	435
-2.16;	-2.1300000000000026;	411
-2.1300000000000026;	-2.1000000000000014;	447
-2.1000000000000014;	-2.0700000000000003;	471
-2.0700000000000003;	-2.0400000000000027;	515
-2.0400000000000027;	-2.0100000000000016;	559
-2.0100000000000016;	-1.9800000000000004;	561
-1.9800000000000004;	-1.9499999999999993;	602
-1.9499999999999993;	-1.9200000000000017;	626
-1.9200000000000017;	-1.8900000000000006;	676
-1.8900000000000006;	-1.8599999999999994;	725
-1.8599999999999994;	-1.8300000000000018;	756
-1.8300000000000018;	-1.8000000000000007;	852
-1.8000000000000007;	-1.7699999999999996;	849
-1.7699999999999996;	-1.740000000000002;	1000
-1.740000000000002;	-1.7100000000000009;	996
-1.7100000000000009;	-1.6799999999999997;	1045
-1.6799999999999997;	-1.6500000000000021;	1171
-1.6500000000000021;	-1.620000000000001;	1196
-1.620000000000001;	-1.5899999999999999;	1177
-1.5899999999999999;	-1.5600000000000023;	1350
-1.5600000000000023;	-1.5300000000000011;	1408
-1.5300000000000011;	-1.5;	1484
-1.5;	-1.4700000000000024;	1612
-1.4700000000000024;	-1.4400000000000013;	1719
-1.4400000000000013;	-1.4100000000000001;	1725
-1.4100000000000001;	-1.3800000000000026;	1872
-1.3800000000000026;	-1.3500000000000014;	1999
-1.3500000000000014;	-1.3200000000000003;	2106
-1.3200000000000003;	-1.2900000000000027;	2190
-1.2900000000000027;	-1.2600000000000016;	2416
-1.2600000000000016;	-1.2300000000000004;	2458
-1.2300000000000004;	-1.2000000000000028;	2739
-1.2000000000000028;	-1.1700000000000017;	2799
-1.1700000000000017;	-1.1400000000000006;	2913
-1.1400000000000006;	-1.1099999999999994;	3154
-1.1099999999999994;	-1.0800000000000018;	3253
-1.0800000000000018;	-1.0500000000000007;	3480
-1.0500000000000007;	-1.0199999999999996;	3811
-1.0199999999999996;	-0.990000000000002;	4005
-0.990000000000002;	-0.9600000000000009;	4079
-0.9600000000000009;	-0.9299999999999997;	4511
-0.9299999999999997;	-0.9000000000000021;	4717
-0.9000000000000021;	-0.870000000000001;	5125
-0.870000000000001;	-0.8399999999999999;	5403
-0.8399999999999999;	-0.8100000000000023;	5556
-0.8100000000000023;	-0.7800000000000011;	6007
-0.7800000000000011;	-0.75;	6267
-0.75;	-0.7200000000000024;	6696
-0.7200000000000024;	-0.6900000000000013;	7189
-0.6900000000000013;	-0.6600000000000001;	7514
-0.6600000000000001;	-0.6300000000000026;	7997
-0.6300000000000026;	-0.6000000000000014;	8369
-0.6000000000000014;	-0.5700000000000003;	8905
-0.5700000000000003;	-0.5400000000000027;	9298
-0.5400000000000027;	-0.5100000000000016;	9663
-0.5100000000000016;	-0.4800000000000004;	10473
-0.4800000000000004;	-0.45000000000000284;	11076
-0.45000000000000284;	-0.4200000000000017;	11664
-0.4200000000000017;	-0.39000000000000057;	12277
-0.39000000000000057;	-0.35999999999999943;	12870
-0.35999999999999943;	-0.33000000000000185;	13656
-0.33000000000000185;	-0.3000000000000007;	14395
-0.3000000000000007;	-0.2699999999999996;	15148
-0.2699999999999996;	-0.240000000000002;	16050
-0.240000000000002;	-0.21000000000000085;	16658
-0.21000000000000085;	-0.17999999999999972;	17838
-0.17999999999999972;	-0.15000000000000213;	18732
-0.15000000000000213;	-0.120000000000001;	19807
-0.120000000000001;	-0.08999999999999986;	20682
-0.08999999999999986;	-0.060000000000002274;	21753
-0.060000000000002274;	-0.030000000000001137;	22876
-0.030000000000001137;	0;	24329
0;	0.029999999999997584;	25458
0.029999999999997584;	0.05999999999999872;	26577
0.05999999999999872;	0.08999999999999986;	28243
0.08999999999999986;	0.11999999999999744;	29565
0.11999999999999744;	0.14999999999999858;	31382
0.14999999999999858;	0.17999999999999972;	32390
0.17999999999999972;	0.2099999999999973;	33744
0.2099999999999973;	0.23999999999999844;	36377
0.23999999999999844;	0.2699999999999996;	37676
0.2699999999999996;	0.29999999999999716;	39219
0.29999999999999716;	0.3299999999999983;	41085
0.3299999999999983;	0.35999999999999943;	43056
0.35999999999999943;	0.39000000000000057;	44719
0.39000000000000057;	0.41999999999999815;	47360
0.41999999999999815;	0.4499999999999993;	49588
0.4499999999999993;	0.4800000000000004;	51374
0.4800000000000004;	0.509999999999998;	53628
0.509999999999998;	0.5399999999999991;	55874
0.5399999999999991;	0.5700000000000003;	58319
0.5700000000000003;	0.5999999999999979;	61074
0.5999999999999979;	0.629999999999999;	63251
0.629999999999999;	0.6600000000000001;	65810
0.6600000000000001;	0.6899999999999977;	68998
0.6899999999999977;	0.7199999999999989;	71283
0.7199999999999989;	0.75;	74124
0.75;	0.7799999999999976;	76578
0.7799999999999976;	0.8099999999999987;	78989
0.8099999999999987;	0.8399999999999999;	82223
0.8399999999999999;	0.8699999999999974;	84984
0.8699999999999974;	0.8999999999999986;	87906
0.8999999999999986;	0.9299999999999997;	91730
0.9299999999999997;	0.9599999999999973;	94954
0.9599999999999973;	0.9899999999999984;	97290
0.9899999999999984;	1.0199999999999996;	100671
1.0199999999999996;	1.0499999999999972;	104160
1.0499999999999972;	1.0799999999999983;	107814
1.0799999999999983;	1.1099999999999994;	111022
1.1099999999999994;	1.1400000000000006;	113780
1.1400000000000006;	1.1699999999999982;	117023
1.1699999999999982;	1.1999999999999993;	120078
1.1999999999999993;	1.2300000000000004;	123188
1.2300000000000004;	1.259999999999998;	126897
1.259999999999998;	1.2899999999999991;	130246
1.2899999999999991;	1.3200000000000003;	133347
1.3200000000000003;	1.3499999999999979;	136717
1.3499999999999979;	1.379999999999999;	140462
1.379999999999999;	1.4100000000000001;	143980
1.4100000000000001;	1.4399999999999977;	147451
1.4399999999999977;	1.4699999999999989;	150252
1.4699999999999989;	1.5;	153520
1.5;	1.5299999999999976;	156004
1.5299999999999976;	1.5599999999999987;	159859
1.5599999999999987;	1.5899999999999999;	163081
1.5899999999999999;	1.6199999999999974;	166449
1.6199999999999974;	1.6499999999999986;	168631
1.6499999999999986;	1.6799999999999997;	172649
1.6799999999999997;	1.7099999999999973;	175051
1.7099999999999973;	1.7399999999999984;	177277
1.7399999999999984;	1.7699999999999996;	180427
1.7699999999999996;	1.7999999999999972;	183398
1.7999999999999972;	1.8299999999999983;	185421
1.8299999999999983;	1.8599999999999994;	187984
1.8599999999999994;	1.8900000000000006;	190556
1.8900000000000006;	1.9199999999999982;	192943
1.9199999999999982;	1.9499999999999993;	195551
1.9499999999999993;	1.9800000000000004;	197435
1.9800000000000004;	2.009999999999998;	198024
2.009999999999998;	2.039999999999999;	200321
2.039999999999999;	2.0700000000000003;	202046
2.0700000000000003;	2.1000000000000014;	204635
2.1000000000000014;	2.1299999999999955;	205909
2.1299999999999955;	2.1599999999999966;	207789
2.1599999999999966;	2.1899999999999977;	208426
2.1899999999999977;	2.219999999999999;	210968
2.219999999999999;	2.25;	209448
2.25;	2.280000000000001;	211763
2.280000000000001;	2.3100000000000023;	211668
2.3100000000000023;	2.3399999999999963;	211911
2.3399999999999963;	2.3699999999999974;	211414
2.3699999999999974;	2.3999999999999986;	212235
2.3999999999999986;	2.4299999999999997;	213542
2.4299999999999997;	2.460000000000001;	211569
2.460000000000001;	2.490000000000002;	212448
2.490000000000002;	2.519999999999996;	211006
2.519999999999996;	2.549999999999997;	210040
2.549999999999997;	2.5799999999999983;	210593
2.5799999999999983;	2.6099999999999994;	209957
2.6099999999999994;	2.6400000000000006;	208375
2.6400000000000006;	2.6700000000000017;	207390
2.6700000000000017;	2.6999999999999957;	206358
2.6999999999999957;	2.729999999999997;	203774
2.729999999999997;	2.759999999999998;	202979
2.759999999999998;	2.789999999999999;	199948
2.789999999999999;	2.8200000000000003;	198231
2.8200000000000003;	2.8500000000000014;	196519
2.8500000000000014;	2.8799999999999955;	194579
2.8799999999999955;	2.9099999999999966;	191610
2.9099999999999966;	2.9399999999999977;	188688
2.9399999999999977;	2.969999999999999;	186893
2.969999999999999;	3;	184546
3;	3.030000000000001;	181223
3.030000000000001;	3.0600000000000023;	179011
3.0600000000000023;	3.0899999999999963;	175921
3.0899999999999963;	3.1199999999999974;	173071
3.1199999999999974;	3.1499999999999986;	169486
3.1499999999999986;	3.1799999999999997;	166988
3.1799999999999997;	3.210000000000001;	163523
3.210000000000001;	3.240000000000002;	159882
3.240000000000002;	3.269999999999996;	157086
3.269999999999996;	3.299999999999997;	153107
3.299999999999997;	3.3299999999999983;	150475
3.3299999999999983;	3.3599999999999994;	147254
3.3599999999999994;	3.3900000000000006;	143475
3.3900000000000006;	3.4200000000000017;	140514
3.4200000000000017;	3.4499999999999957;	137660
3.4499999999999957;	3.479999999999997;	133471
3.479999999999997;	3.509999999999998;	130055
3.509999999999998;	3.539999999999999;	126257
3.539999999999999;	3.5700000000000003;	123411
3.5700000000000003;	3.6000000000000014;	119668
3.6000000000000014;	3.6299999999999955;	116776
3.6299999999999955;	3.6599999999999966;	112947
3.6599999999999966;	3.6899999999999977;	110746
3.6899999999999977;	3.719999999999999;	106794
3.719999999999999;	3.75;	103375
3.75;	3.780000000000001;	100554
3.780000000000001;	3.8100000000000023;	96857
3.8100000000000023;	3.8399999999999963;	93428
3.8399999999999963;	3.8699999999999974;	90847
3.8699999999999974;	3.8999999999999986;	88040
3.8999999999999986;	3.9299999999999997;	84969
3.9299999999999997;	3.960000000000001;	81937
3.960000000000001;	3.990000000000002;	79502
3.990000000000002;	4.019999999999996;	76814
4.019999999999996;	4.049999999999997;	73573
4.049999999999997;	4.079999999999998;	70970
4.079999999999998;	4.109999999999999;	68575
4.109999999999999;	4.140000000000001;	66139
4.140000000000001;	4.170000000000002;	63603
4.170000000000002;	4.199999999999996;	61428
4.199999999999996;	4.229999999999997;	59021
4.229999999999997;	4.259999999999998;	56491
4.259999999999998;	4.289999999999999;	54024
4.289999999999999;	4.32;	52389
4.32;	4.350000000000001;	49929
4.350000000000001;	4.3799999999999955;	47979
4.3799999999999955;	4.409999999999997;	45572
4.409999999999997;	4.439999999999998;	43932
4.439999999999998;	4.469999999999999;	41986
4.469999999999999;	4.5;	39710
4.5;	4.530000000000001;	38380
4.530000000000001;	4.560000000000002;	36117
4.560000000000002;	4.589999999999996;	34684
4.589999999999996;	4.619999999999997;	32940
4.619999999999997;	4.649999999999999;	31718
4.649999999999999;	4.68;	29704
4.68;	4.710000000000001;	28470
4.710000000000001;	4.740000000000002;	27048
4.740000000000002;	4.769999999999996;	25858
4.769999999999996;	4.799999999999997;	24669
4.799999999999997;	4.829999999999998;	23290
4.829999999999998;	4.859999999999999;	22108
4.859999999999999;	4.890000000000001;	21138
4.890000000000001;	4.920000000000002;	19961
4.920000000000002;	4.949999999999996;	19200
4.949999999999996;	4.979999999999997;	17918
4.979999999999997;	5.009999999999998;	17053
5.009999999999998;	5.039999999999999;	16163
5.039999999999999;	5.07;	15395
5.07;	5.100000000000001;	14313
5.100000000000001;	5.1299999999999955;	13588
5.1299999999999955;	5.159999999999997;	12945
5.159999999999997;	5.189999999999998;	12337
5.189999999999998;	5.219999999999999;	11465
5.219999999999999;	5.25;	10950
5.25;	5.280000000000001;	10278
5.280000000000001;	5.309999999999995;	9856
5.309999999999995;	5.339999999999996;	9173
5.339999999999996;	5.369999999999997;	8650
5.369999999999997;	5.399999999999999;	8252
5.399999999999999;	5.43;	7902
5.43;	5.460000000000001;	7364
5.460000000000001;	5.490000000000002;	6799
5.490000000000002;	5.519999999999996;	6538
5.519999999999996;	5.549999999999997;	6175
5.549999999999997;	5.579999999999998;	5892
5.579999999999998;	5.609999999999999;	5572
5.609999999999999;	5.640000000000001;	5295
5.640000000000001;	5.670000000000002;	4838
5.670000000000002;	5.699999999999996;	4712
5.699999999999996;	5.729999999999997;	4343
5.729999999999997;	5.759999999999998;	4115
5.759999999999998;	5.789999999999999;	3962
5.789999999999999;	5.82;	3652
5.82;	5.850000000000001;	3387
5.850000000000001;	5.8799999999999955;	3223
5.8799999999999955;	5.909999999999997;	3072
5.909999999999997;	5.939999999999998;	2823
5.939999999999998;	5.969999999999999;	2793
5.969999999999999;	6;	2583
6;	6.030000000000001;	2498
6.030000000000001;	6.059999999999995;	2356
6.059999999999995;	6.089999999999996;	2208
6.089999999999996;	6.119999999999997;	1987
6.119999999999997;	6.149999999999999;	1900
6.149999999999999;	6.18;	1883
6.18;	6.210000000000001;	1712
6.210000000000001;	6.240000000000002;	1621
6.240000000000002;	6.269999999999996;	1605
6.269999999999996;	6.299999999999997;	1502
6.299999999999997;	6.329999999999998;	1361
6.329999999999998;	6.359999999999999;	1284
6.359999999999999;	6.390000000000001;	1170
6.390000000000001;	6.420000000000002;	1112
6.420000000000002;	6.449999999999996;	1074
6.449999999999996;	6.479999999999997;	999
6.479999999999997;	6.509999999999998;	897
6.509999999999998;	6.539999999999999;	917
6.539999999999999;	6.57;	826
6.57;	6.600000000000001;	782
6.600000000000001;	6.6299999999999955;	734
6.6299999999999955;	6.659999999999997;	723
6.659999999999997;	6.689999999999998;	652
6.689999999999998;	6.719999999999999;	630
6.719999999999999;	6.75;	599
6.75;	6.780000000000001;	585
6.780000000000001;	6.809999999999995;	549
6.809999999999995;	6.839999999999996;	452
6.839999999999996;	6.869999999999997;	476
6.869999999999997;	6.899999999999999;	408
6.899999999999999;	6.93;	397
6.93;	6.960000000000001;	413
6.960000000000001;	6.990000000000002;	389
6.990000000000002;	7.019999999999996;	370
7.019999999999996;	7.049999999999997;	326
7.049999999999997;	7.079999999999998;	287
7.079999999999998;	7.109999999999999;	286
7.109999999999999;	7.140000000000001;	255
7.140000000000001;	7.170000000000002;	250
7.170000000000002;	7.199999999999996;	253
7.199999999999996;	7.229999999999997;	218
7.229999999999997;	7.259999999999998;	238
7.259999999999998;	7.289999999999999;	215
7.289999999999999;	7.32;	191
7.32;	7.350000000000001;	176
7.350000000000001;	7.3799999999999955;	172
7.3799999999999955;	7.409999999999997;	135
7.409999999999997;	7.439999999999998;	152
7.439999999999998;	7.469999999999999;	141
7.469999999999999;	7.5;	127
7.5;	7.530000000000001;	111
7.530000000000001;	7.559999999999995;	128
7.559999999999995;	7.589999999999996;	112
7.589999999999996;	7.619999999999997;	108
7.619999999999997;	7.649999999999999;	108
7.649999999999999;	7.68;	106
7.68;	7.710000000000001;	65
7.710000000000001;	7.740000000000002;	76
7.740000000000002;	7.769999999999996;	68
7.769999999999996;	7.799999999999997;	75
7.799999999999997;	7.829999999999998;	72
7.829999999999998;	7.859999999999999;	67
7.859999999999999;	7.890000000000001;	55
7.890000000000001;	7.920000000000002;	66
7.920000000000002;	7.949999999999996;	42
7.949999999999996;	7.979999999999997;	49
7.979999999999997;	8.009999999999998;	39
8.009999999999998;	8.04;	45
8.04;	8.07;	48
8.07;	8.100000000000001;	37
8.100000000000001;	8.129999999999995;	38
8.129999999999995;	8.159999999999997;	34
8.159999999999997;	8.189999999999998;	27
8.189999999999998;	8.219999999999999;	34
8.219999999999999;	8.25;	29
8.25;	8.280000000000001;	25
8.280000000000001;	8.309999999999995;	28
8.309999999999995;	8.339999999999996;	21
8.339999999999996;	8.369999999999997;	30
8.369999999999997;	8.399999999999999;	17
8.399999999999999;	8.43;	17
8.43;	8.46;	19
8.46;	8.490000000000002;	14
8.490000000000002;	8.519999999999996;	10
8.519999999999996;	8.549999999999997;	18
8.549999999999997;	8.579999999999998;	19
8.579999999999998;	8.61;	16
8.61;	8.64;	14
8.64;	8.670000000000002;	16
8.670000000000002;	8.699999999999996;	10
8.699999999999996;	8.729999999999997;	8
8.729999999999997;	8.759999999999998;	14
8.759999999999998;	8.79;	8
8.79;	8.82;	8
8.82;	8.850000000000001;	9
8.850000000000001;	8.879999999999995;	5
8.879999999999995;	8.909999999999997;	9
8.909999999999997;	8.939999999999998;	9
8.939999999999998;	8.969999999999999;	7
8.969999999999999;	9;	7
9;	9.030000000000001;	7
9.030000000000001;	9.059999999999995;	5
9.059999999999995;	9.089999999999996;	3
9.089999999999996;	9.119999999999997;	9
9.119999999999997;	9.149999999999999;	4
9.149999999999999;	9.18;	4
9.18;	9.21;	3
9.21;	9.240000000000002;	3
9.240000000000002;	9.269999999999996;	5
9.269999999999996;	9.299999999999997;	2
9.299999999999997;	9.329999999999998;	8
9.329999999999998;	9.36;	3
9.36;	9.39;	3
9.39;	9.420000000000002;	2
9.420000000000002;	9.449999999999996;	1
9.449999999999996;	9.479999999999997;	4
9.479999999999997;	9.509999999999998;	3
9.509999999999998;	9.54;	0
9.54;	9.57;	4
9.57;	9.600000000000001;	0
9.600000000000001;	9.629999999999995;	3
9.629999999999995;	9.659999999999997;	3
9.659999999999997;	9.689999999999998;	3
9.689999999999998;	9.719999999999999;	2
9.719999999999999;	9.75;	3
9.75;	9.780000000000001;	5
9.780000000000001;	9.809999999999995;	1
9.809999999999995;	9.839999999999996;	1
9.839999999999996;	9.869999999999997;	1
9.869999999999997;	9.899999999999999;	4
9.899999999999999;	9.93;	1
9.93;	9.96;	0
9.96;	9.990000000000002;	0
9.990000000000002;	10.019999999999996;	2
10.019999999999996;	10.049999999999997;	0
10.049999999999997;	10.079999999999998;	1
10.079999999999998;	10.11;	0
10.11;	10.14;	0
10.14;	10.170000000000002;	0
10.170000000000002;	10.199999999999996;	0
10.199999999999996;	10.229999999999997;	0
10.229999999999997;	10.259999999999998;	0
10.259999999999998;	10.29;	1
10.29;	10.32;	0
10.32;	10.350000000000001;	0
10.350000000000001;	10.379999999999995;	1
10.379999999999995;	10.409999999999997;	0
10.409999999999997;	10.439999999999998;	0
10.439999999999998;	10.469999999999999;	1
10.469999999999999;	10.5;	0
10.5;	10.530000000000001;	0
10.530000000000001;	10.559999999999995;	0
10.559999999999995;	10.589999999999996;	0
10.589999999999996;	10.619999999999997;	0
10.619999999999997;	10.649999999999999;	0
10.649999999999999;	10.68;	0
10.68;	10.71;	0
10.71;	10.740000000000002;	0
10.740000000000002;	10.769999999999996;	0
10.769999999999996;	10.799999999999997;	0
10.799999999999997;	10.829999999999998;	2
10.829999999999998;	10.86;	1
10.86;	10.89;	0
10.89;	10.920000000000002;	0
10.920000000000002;	10.949999999999996;	0
10.949999999999996;	10.979999999999997;	0
10.979999999999997;	11.009999999999998;	0
11.009999999999998;	11.04;	1
11.04;	11.07;	0
11.07;	11.100000000000001;	0
11.100000000000001;	11.129999999999995;	0
11.129999999999995;	11.159999999999997;	0
11.159999999999997;	11.189999999999998;	0
11.189999999999998;	11.219999999999999;	0
11.219999999999999;	11.25;	0
11.25;	11.280000000000001;	0
11.280000000000001;	11.309999999999995;	0
11.309999999999995;	11.339999999999996;	0
11.339999999999996;	11.369999999999997;	0
11.369999999999997;	11.399999999999999;	0
11.399999999999999;	11.43;	0
11.43;	11.46;	0
11.46;	11.490000000000002;	0
11.490000000000002;	11.519999999999996;	0
11.519999999999996;	11.549999999999997;	0
11.549999999999997;	11.579999999999998;	0
11.579999999999998;	11.61;	0
11.61;	11.64;	0
11.64;	11.670000000000002;	0
11.670000000000002;	11.699999999999996;	0
11.699999999999996;	11.729999999999997;	0
11.729999999999997;	11.759999999999998;	0
11.759999999999998;	11.79;	0
11.79;	11.82;	0
11.82;	11.850000000000001;	0
11.850000000000001;	11.879999999999995;	0
11.879999999999995;	11.909999999999997;	0
11.909999999999997;	11.939999999999998;	0
11.939999999999998;	11.969999999999999;	0
11.969999999999999;	12;	0
12;	12.030000000000001;	0
12.030000000000001;	12.059999999999995;	0
12.059999999999995;	12.089999999999996;	0
12.089999999999996;	12.119999999999997;	0
12.119999999999997;	12.149999999999999;	0
12.149999999999999;	12.18;	0
12.18;	12.21;	0
12.21;	12.239999999999995;	0
12.239999999999995;	12.269999999999996;	0
12.269999999999996;	12.299999999999997;	0
12.299999999999997;	12.329999999999998;	0
12.329999999999998;	12.36;	0
12.36;	12.39;	0
12.39;	12.420000000000002;	0
12.420000000000002;	12.449999999999996;	0
12.449999999999996;	12.479999999999997;	0
12.479999999999997;	12.509999999999998;	0
12.509999999999998;	12.54;	0
12.54;	12.57;	0
12.57;	12.600000000000001;	0
12.600000000000001;	12.629999999999995;	0
12.629999999999995;	12.659999999999997;	0
12.659999999999997;	12.689999999999998;	0
12.689999999999998;	12.719999999999999;	0
12.719999999999999;	12.75;	0
12.75;	12.780000000000001;	0
12.780000000000001;	12.809999999999995;	0
12.809999999999995;	12.839999999999996;	0
12.839999999999996;	12.869999999999997;	0
12.869999999999997;	12.899999999999999;	0
12.899999999999999;	12.93;	0
12.93;	12.96;	0
12.96;	12.989999999999995;	0
12.989999999999995;	13.019999999999996;	0
13.019999999999996;	13.049999999999997;	0
13.049999999999997;	13.079999999999998;	0
13.079999999999998;	13.11;	0
13.11;	13.14;	0
13.14;	13.170000000000002;	0
13.170000000000002;	13.199999999999996;	0
13.199999999999996;	13.229999999999997;	0
13.229999999999997;	13.259999999999998;	0
13.259999999999998;	13.29;	0
13.29;	13.32;	0
13.32;	13.350000000000001;	0
13.350000000000001;	13.379999999999995;	0
13.379999999999995;	13.409999999999997;	0
13.409999999999997;	13.439999999999998;	0
13.439999999999998;	13.469999999999999;	0
13.469999999999999;	13.5;	0
13.5;	13.530000000000001;	0
13.530000000000001;	13.559999999999995;	0
13.559999999999995;	13.589999999999996;	0
13.589999999999996;	13.619999999999997;	0
13.619999999999997;	13.649999999999999;	0
13.649999999999999;	13.68;	0
13.68;	13.71;	0
13.71;	13.739999999999995;	0
13.739999999999995;	13.769999999999996;	0
13.769999999999996;	13.799999999999997;	0
13.799999999999997;	13.829999999999998;	0
13.829999999999998;	13.86;	0
13.86;	13.89;	0
13.89;	13.920000000000002;	0
13.920000000000002;	13.949999999999996;	0
13.949999999999996;	13.979999999999997;	0
13.979999999999997;	14.009999999999998;	0
14.009999999999998;	14.04;	0
14.04;	14.07;	0
14.07;	14.100000000000001;	0
14.100000000000001;	14.129999999999995;	0
14.129999999999995;	14.159999999999997;	0
14.159999999999997;	14.189999999999998;	0
14.189999999999998;	14.219999999999999;	0
14.219999999999999;	14.25;	0
14.25;	14.280000000000001;	0
14.280000000000001;	14.309999999999995;	0
14.309999999999995;	14.339999999999996;	0
14.339999999999996;	14.369999999999997;	0
14.369999999999997;	14.399999999999999;	0
14.399999999999999;	14.43;	0
14.43;	14.46;	0
14.46;	14.489999999999995;	0
14.489999999999995;	14.519999999999996;	0
14.519999999999996;	14.549999999999997;	0
14.549999999999997;	14.579999999999998;	0
14.579999999999998;	14.61;	0
14.61;	14.64;	0
14.64;	14.670000000000002;	0
14.670000000000002;	14.699999999999996;	0
14.699999999999996;	14.729999999999997;	0
14.729999999999997;	14.759999999999998;	0
14.759999999999998;	14.79;	0
14.79;	14.82;	0
14.82;	14.850000000000001;	0
14.850000000000001;	14.879999999999995;	0
14.879999999999995;	14.909999999999997;	0
14.909999999999997;	14.939999999999998;	0
14.939999999999998;	14.969999999999999;	0
14.969999999999999;	15;	0
15;	15.030000000000001;	0
15.030000000000001;	15.059999999999995;	0
15.059999999999995;	15.089999999999996;	0
15.089999999999996;	15.119999999999997;	0
15.119999999999997;	15.149999999999999;	0
15.149999999999999;	15.18;	0
15.18;	15.21;	0
15.21;	15.239999999999995;	0
15.239999999999995;	15.269999999999996;	0
15.269999999999996;	15.299999999999997;	0
15.299999999999997;	15.329999999999998;	0
15.329999999999998;	15.36;	0
15.36;	15.39;	0
15.39;	15.420000000000002;	0
15.420000000000002;	15.449999999999996;	0
15.449999999999996;	15.479999999999997;	0
15.479999999999997;	15.509999999999998;	0
15.509999999999998;	15.54;	0
15.54;	15.57;	0
15.57;	15.600000000000001;	0
15.600000000000001;	15.629999999999995;	0
15.629999999999995;	15.659999999999997;	0
15.659999999999997;	15.689999999999998;	0
15.689999999999998;	15.719999999999999;	0
15.719999999999999;	15.75;	0
15.75;	15.780000000000001;	0
15.780000000000001;	15.809999999999995;	0
15.809999999999995;	15.839999999999996;	0
15.839999999999996;	15.869999999999997;	0
15.869999999999997;	15.899999999999999;	0
15.899999999999999;	15.93;	0
15.93;	15.96;	0
15.96;	15.989999999999995;	0
15.989999999999995;	16.019999999999996;	0
16.019999999999996;	16.049999999999997;	0
16.049999999999997;	16.08;	0
16.08;	16.11;	0
16.11;	16.14;	0
16.14;	16.17;	0
16.17;	16.199999999999996;	0
16.199999999999996;	16.229999999999997;	0
16.229999999999997;	16.259999999999998;	0
16.259999999999998;	16.29;	0
16.29;	16.32;	0
16.32;	16.35;	0
16.35;	16.379999999999995;	0
16.379999999999995;	16.409999999999997;	0
16.409999999999997;	16.439999999999998;	0
16.439999999999998;	16.47;	0
16.47;	16.5;	0
16.5;	16.53;	0
16.53;	16.559999999999995;	0
16.559999999999995;	16.589999999999996;	0
16.589999999999996;	16.619999999999997;	0
16.619999999999997;	16.65;	0
16.65;	16.68;	0
16.68;	16.71;	0
16.71;	16.739999999999995;	0
16.739999999999995;	16.769999999999996;	0
16.769999999999996;	16.799999999999997;	0
16.799999999999997;	16.83;	0
16.83;	16.86;	0
16.86;	16.89;	0
16.89;	16.92;	0
16.92;	16.949999999999996;	0
16.949999999999996;	16.979999999999997;	0
16.979999999999997;	17.009999999999998;	0
17.009999999999998;	17.04;	0
17.04;	17.07;	0
17.07;	17.1;	0
17.1;	17.129999999999995;	0
17.129999999999995;	17.159999999999997;	0
17.159999999999997;	17.189999999999998;	0
17.189999999999998;	17.22;	0
17.22;	17.25;	0
17.25;	17.28;	0
17.28;	17.309999999999995;	0
17.309999999999995;	17.339999999999996;	0
17.339999999999996;	17.369999999999997;	0
17.369999999999997;	17.4;	0
17.4;	17.43;	0
17.43;	17.46;	0
17.46;	17.489999999999995;	0
17.489999999999995;	17.519999999999996;	0
17.519999999999996;	17.549999999999997;	0
17.549999999999997;	17.58;	0
17.58;	17.61;	0
17.61;	17.64;	0
17.64;	17.67;	0
17.67;	17.699999999999996;	0
17.699999999999996;	17.729999999999997;	0
17.729999999999997;	17.759999999999998;	0
17.759999999999998;	17.79;	0
17.79;	17.82;	0
17.82;	17.85;	0
17.85;	17.879999999999995;	0
17.879999999999995;	17.909999999999997;	0
17.909999999999997;	17.939999999999998;	0
17.939999999999998;	17.97;	0
17.97;	18;	0
18;	18.03;	0
18.03;	18.059999999999995;	0
18.059999999999995;	18.089999999999996;	0
18.089999999999996;	18.119999999999997;	0
18.119999999999997;	18.15;	0
18.15;	18.18;	0
18.18;	18.21;	0
18.21;	18.239999999999995;	0
18.239999999999995;	18.269999999999996;	0
18.269999999999996;	18.299999999999997;	0
18.299999999999997;	18.33;	0
18.33;	18.36;	0
18.36;	18.39;	0
18.39;	18.42;	0
18.42;	18.449999999999996;	0
18.449999999999996;	18.479999999999997;	0
18.479999999999997;	18.509999999999998;	0
18.509999999999998;	18.54;	0
18.54;	18.57;	0
18.57;	18.6;	0
18.6;	18.629999999999995;	0
18.629999999999995;	18.659999999999997;	0
18.659999999999997;	18.689999999999998;	0
18.689999999999998;	18.72;	0
18.72;	18.75;	0
18.75;	18.78;	0
18.78;	18.809999999999995;	0
18.809999999999995;	18.839999999999996;	0
18.839999999999996;	18.869999999999997;	0
18.869999999999997;	18.9;	0
18.9;	18.93;	0
18.93;	18.96;	0
18.96;	18.989999999999995;	0
18.989999999999995;	19.019999999999996;	0
19.019999999999996;	19.049999999999997;	0
19.049999999999997;	19.08;	0
19.08;	19.11;	0
19.11;	19.14;	0
19.14;	19.17;	0
19.17;	19.199999999999996;	0
19.199999999999996;	19.229999999999997;	0
19.229999999999997;	19.259999999999998;	0
19.259999999999998;	19.29;	0
19.29;	19.32;	0
19.32;	19.35;	0
19.35;	19.379999999999995;	0
19.379999999999995;	19.409999999999997;	0
19.409999999999997;	19.439999999999998;	0
19.439999999999998;	19.47;	0
19.47;	19.5;	0
19.5;	19.53;	0
19.53;	19.559999999999995;	0
19.559999999999995;	19.589999999999996;	0
19.589999999999996;	19.619999999999997;	0
19.619999999999997;	19.65;	0
19.65;	19.68;	0
19.68;	19.71;	0
19.71;	19.739999999999995;	0
19.739999999999995;	19.769999999999996;	0
19.769999999999996;	19.799999999999997;	0
19.799999999999997;	19.83;	0
19.83;	19.86;	0
19.86;	19.89;	0
19.89;	19.92;	0
19.92;	19.949999999999996;	0
19.949999999999996;	19.979999999999997;	0
19.979999999999997;	20.009999999999998;	0
20.009999999999998;	20.04;	0
20.04;	20.07;	0
20.07;	20.1;	0
20.1;	20.129999999999995;	0
20.129999999999995;	20.159999999999997;	0
20.159999999999997;	20.189999999999998;	0
20.189999999999998;	20.22;	0
20.22;	20.25;	0
20.25;	20.28;	0
20.28;	20.309999999999995;	0
20.309999999999995;	20.339999999999996;	0
20.339999999999996;	20.369999999999997;	0
20.369999999999997;	20.4;	0
20.4;	20.43;	0
20.43;	20.46;	0
20.46;	20.489999999999995;	0
20.489999999999995;	20.519999999999996;	0
20.519999999999996;	20.549999999999997;	0
20.549999999999997;	20.58;	0
20.58;	20.61;	0
20.61;	20.64;	0
20.64;	20.669999999999995;	0
20.669999999999995;	20.699999999999996;	0
20.699999999999996;	20.729999999999997;	0
20.729999999999997;	20.759999999999998;	0
20.759999999999998;	20.79;	0
20.79;	20.82;	0
20.82;	20.85;	0
20.85;	20.879999999999995;	0
20.879999999999995;	20.909999999999997;	0
20.909999999999997;	20.939999999999998;	0
20.939999999999998;	20.97;	0
20.97;	21;	0
21;	21.03;	0
21.03;	21.059999999999995;	0
21.059999999999995;	21.089999999999996;	0
21.089999999999996;	21.119999999999997;	0
21.119999999999997;	21.15;	0
21.15;	21.18;	0
21.18;	21.21;	0
21.21;	21.239999999999995;	0
21.239999999999995;	21.269999999999996;	0
21.269999999999996;	21.299999999999997;	0
21.299999999999997;	21.33;	0
21.33;	21.36;	0
21.36;	21.39;	0
21.39;	21.419999999999995;	0
21.419999999999995;	21.449999999999996;	0
21.449999999999996;	21.479999999999997;	0
21.479999999999997;	21.509999999999998;	0
21.509999999999998;	21.54;	0
21.54;	21.57;	0
21.57;	21.6;	0
21.6;	21.629999999999995;	0
21.629999999999995;	21.659999999999997;	0
21.659999999999997;	21.689999999999998;	0
21.689999999999998;	21.72;	0
21.72;	21.75;	0
21.75;	21.78;	0
21.78;	21.809999999999995;	0
21.809999999999995;	21.839999999999996;	0
21.839999999999996;	21.869999999999997;	0
21.869999999999997;	21.9;	0
21.9;	21.93;	0
21.93;	21.96;	0
21.96;	21.989999999999995;	0
21.989999999999995;	22.019999999999996;	0
22.019999999999996;	22.049999999999997;	0
22.049999999999997;	22.08;	0
22.08;	22.11;	0
22.11;	22.14;	0
22.14;	22.169999999999995;	0
22.169999999999995;	22.199999999999996;	0
22.199999999999996;	22.229999999999997;	0
22.229999999999997;	22.259999999999998;	0
22.259999999999998;	22.29;	0
22.29;	22.32;	0
22.32;	22.35;	0
22.35;	22.379999999999995;	0
22.379999999999995;	22.409999999999997;	0
22.409999999999997;	22.439999999999998;	0
22.439999999999998;	22.47;	0
22.47;	22.5;	0
22.5;	22.53;	0
22.53;	22.559999999999995;	0
22.559999999999995;	22.589999999999996;	0
22.589999999999996;	22.619999999999997;	0
22.619999999999997;	22.65;	0
22.65;	22.68;	0
22.68;	22.71;	0
22.71;	22.739999999999995;	0
22.739999999999995;	22.769999999999996;	0
22.769999999999996;	22.799999999999997;	0
22.799999999999997;	22.83;	0
22.83;	22.86;	0
22.86;	22.89;	0
22.89;	22.919999999999995;	0
22.919999999999995;	22.949999999999996;	0
22.949999999999996;	22.979999999999997;	0
22.979999999999997;	23.009999999999998;	0
23.009999999999998;	23.04;	0
23.04;	23.07;	0
23.07;	23.1;	0
23.1;	23.129999999999995;	0
23.129999999999995;	23.159999999999997;	0
23.159999999999997;	23.189999999999998;	0
23.189999999999998;	23.22;	0
23.22;	23.25;	0
23.25;	23.28;	0
23.28;	23.309999999999995;	0
23.309999999999995;	23.339999999999996;	0
23.339999999999996;	23.369999999999997;	0
23.369999999999997;	23.4;	0
23.4;	23.43;	0
23.43;	23.46;	0
23.46;	23.489999999999995;	0
23.489999999999995;	23.519999999999996;	0
23.519999999999996;	23.549999999999997;	0
23.549999999999997;	23.58;	0
23.58;	23.61;	0
23.61;	23.64;	0
23.64;	23.669999999999995;	0
23.669999999999995;	23.699999999999996;	0
23.699999999999996;	23.729999999999997;	0
23.729999999999997;	23.759999999999998;	0
23.759999999999998;	23.79;	0
23.79;	23.82;	0
23.82;	23.85;	0
23.85;	23.879999999999995;	0
23.879999999999995;	23.909999999999997;	0
23.909999999999997;	23.939999999999998;	0
23.939999999999998;	23.97;	0
23.97;	24;	0
24;	24.03;	0
24.03;	24.059999999999995;	0
24.059999999999995;	24.089999999999996;	0
24.089999999999996;	24.119999999999997;	0
24.119999999999997;	24.15;	0
24.15;	24.18;	0
24.18;	24.21;	0
24.21;	24.239999999999995;	0
24.239999999999995;	24.269999999999996;	0
24.269999999999996;	24.299999999999997;	0
24.299999999999997;	24.33;	0
24.33;	24.36;	0
24.36;	24.39;	0
24.39;	24.419999999999995;	0
24.419999999999995;	24.449999999999996;	0
24.449999999999996;	24.479999999999997;	0
24.479999999999997;	24.509999999999998;	0
24.509999999999998;	24.54;	0
24.54;	24.57;	0
24.57;	24.6;	0
24.6;	24.629999999999995;	0
24.629999999999995;	24.659999999999997;	0
24.659999999999997;	24.689999999999998;	0
24.689999999999998;	24.72;	0
24.72;	24.75;	0
24.75;	24.78;	0
24.78;	24.809999999999995;	0
24.809999999999995;	24.839999999999996;	0
24.839999999999996;	24.869999999999997;	0
24.869999999999997;	24.9;	0
24.9;	24.93;	0
24.93;	24.96;	0
24.96;	24.989999999999995;	0
24.989999999999995;	25.019999999999996;	0
25.019999999999996;	25.049999999999997;	0
25.049999999999997;	25.08;	0
25.08;	25.11;	0
25.11;	25.14;	0
25.14;	25.169999999999995;	0
25.169999999999995;	25.199999999999996;	0
25.199999999999996;	25.229999999999997;	0
25.229999999999997;	25.259999999999998;	0
25.259999999999998;	25.29;	0
25.29;	25.32;	0
25.32;	25.35;	0
25.35;	25.379999999999995;	0
25.379999999999995;	25.409999999999997;	0
25.409999999999997;	25.439999999999998;	0
25.439999999999998;	25.47;	0
25.47;	25.5;	0
25.5;	25.53;	0
25.53;	25.559999999999995;	0
25.559999999999995;	25.589999999999996;	0
25.589999999999996;	25.619999999999997;	0
25.619999999999997;	25.65;	0
25.65;	25.68;	0
25.68;	25.71;	0
25.71;	25.739999999999995;	0
25.739999999999995;	25.769999999999996;	0
25.769999999999996;	25.799999999999997;	0
25.799999999999997;	25.83;	0
25.83;	25.86;	0
25.86;	25.89;	0
25.89;	25.919999999999995;	0
25.919999999999995;	25.949999999999996;	0
25.949999999999996;	25.979999999999997;	0
25.979999999999997;	26.009999999999998;	0
26.009999999999998;	26.04;	0
26.04;	26.07;	0
26.07;	26.1;	0
26.1;	26.129999999999995;	0
26.129999999999995;	26.159999999999997;	0
26.159999999999997;	26.189999999999998;	0
26.189999999999998;	26.22;	0
26.22;	26.25;	0
26.25;	26.28;	0
26.28;	26.309999999999995;	0
26.309999999999995;	26.339999999999996;	0
26.339999999999996;	26.369999999999997;	0
26.369999999999997;	26.4;	0
26.4;	26.43;	0
26.43;	26.46;	0
26.46;	26.489999999999995;	0
26.489999999999995;	26.519999999999996;	0
26.519999999999996;	26.549999999999997;	0
26.549999999999997;	26.58;	0
26.58;	26.61;	0
26.61;	26.64;	0
26.64;	26.669999999999995;	0
26.669999999999995;	26.699999999999996;	0
26.699999999999996;	26.729999999999997;	0
26.729999999999997;	26.759999999999998;	0
26.759999999999998;	26.79;	0
26.79;	26.82;	0
26.82;	26.85;	0
26.85;	26.879999999999995;	0
26.879999999999995;	26.909999999999997;	0
26.909999999999997;	26.939999999999998;	0
26.939999999999998;	26.97;	0
26.97;	27;	0
27;	27.03;	0
27.03;	27.059999999999995;	0
27.059999999999995;	27.089999999999996;	0
27.089999999999996;	27.119999999999997;	0
27.119999999999997;	27.15;	0
27.15;	27.18;	0
27.18;	27.21;	0
27.21;	27.239999999999995;	0
27.239999999999995;	27.269999999999996;	0
27.269999999999996;	27.299999999999997;	0
27.299999999999997;	27.33;	0
27.33;	27.36;	0
27.36;	27.39;	0
27.39;	27.419999999999995;	0
27.419999999999995;	27.449999999999996;	0
27.449999999999996;	27.479999999999997;	0
27.479999999999997;	27.509999999999998;	0
27.509999999999998;	27.54;	0
27.54;	27.57;	0
27.57;	27.599999999999994;	0
27.599999999999994;	27.629999999999995;	0
27.629999999999995;	27.659999999999997;	0
27.659999999999997;	27.689999999999998;	0
27.689999999999998;	27.72;	0
27.72;	27.75;	0
27.75;	27.78;	0
27.78;	27.809999999999995;	0
27.809999999999995;	27.839999999999996;	0
27.839999999999996;	27.869999999999997;	0
27.869999999999997;	27.9;	0
27.9;	27.93;	0
27.93;	27.96;	0
27.96;	27.989999999999995;	0
27.989999999999995;	28.019999999999996;	0
28.019999999999996;	28.049999999999997;	0
28.049999999999997;	28.08;	0
28.08;	28.11;	0
28.11;	28.14;	0
28.14;	28.169999999999995;	0
28.169999999999995;	28.199999999999996;	0
28.199999999999996;	28.229999999999997;	0
28.229999999999997;	28.259999999999998;	0
28.259999999999998;	28.29;	0
28.29;	28.32;	0
28.32;	28.349999999999994;	0
28.349999999999994;	28.379999999999995;	0
28.379999999999995;	28.409999999999997;	0
28.409999999999997;	28.439999999999998;	0
28.439999999999998;	28.47;	0
28.47;	28.5;	0
28.5;	28.53;	0
28.53;	28.559999999999995;	0
28.559999999999995;	28.589999999999996;	0
28.589999999999996;	28.619999999999997;	0
28.619999999999997;	28.65;	0
28.65;	28.68;	0
28.68;	28.71;	0
28.71;	28.739999999999995;	0
28.739999999999995;	28.769999999999996;	0
28.769999999999996;	28.799999999999997;	0
28.799999999999997;	28.83;	0
28.83;	28.86;	0
28.86;	28.89;	0
28.89;	28.919999999999995;	0
28.919999999999995;	28.949999999999996;	0
28.949999999999996;	28.979999999999997;	0
28.979999999999997;	29.009999999999998;	0
29.009999999999998;	29.04;	0
29.04;	29.07;	0
29.07;	29.099999999999994;	0
29.099999999999994;	29.129999999999995;	0
29.129999999999995;	29.159999999999997;	0
29.159999999999997;	29.189999999999998;	0
29.189999999999998;	29.22;	0
29.22;	29.25;	0
29.25;	29.28;	0
29.28;	29.309999999999995;	0
29.309999999999995;	29.339999999999996;	0
29.339999999999996;	29.369999999999997;	0
29.369999999999997;	29.4;	0
29.4;	29.43;	0
29.43;	29.46;	0
29.46;	29.489999999999995;	0
29.489999999999995;	29.519999999999996;	0
29.519999999999996;	29.549999999999997;	0
29.549999999999997;	29.58;	0
29.58;	29.61;	0
29.61;	29.64;	0
29.64;	29.669999999999995;	0
29.669999999999995;	29.699999999999996;	0
29.699999999999996;	29.729999999999997;	0
29.729999999999997;	29.759999999999998;	0
29.759999999999998;	29.79;	0
29.79;	29.82;	0
29.82;	29.849999999999994;	0
29.849999999999994;	29.879999999999995;	0
29.879999999999995;	29.909999999999997;	0
29.909999999999997;	29.939999999999998;	0
29.939999999999998;	29.97;	0
29.97;	30;	0
