# hega-rs ver.0.2.9 particle compilation : Particles([-2212]); total-items=427
#	 sourceUrQmdF19 in Lab: false
id;	mass;	charge;	p;	beta;
-2212;	0.938;	-1;	3.7326439732593037;	0.9698459407651664;
-2212;	0.938;	-1;	2.775582132421233;	0.9473638602471688;
-2212;	0.938;	-1;	3.8456852860334267;	0.9715187116019212;
-2212;	0.938;	-1;	1.6157934620380787;	0.8648360445657258;
-2212;	0.938;	-1;	6.478508614166072;	0.9896804152344947;
-2212;	0.938;	-1;	3.622412566425862;	0.9680711264037035;
-2212;	0.938;	-1;	8.91215851869389;	0.9945068695863212;
-2212;	0.938;	-1;	2.6724750709409806;	0.9435680504381213;
-2212;	0.938;	-1;	3.6118300836164763;	0.9678926800879444;
-2212;	0.938;	-1;	1.3986073320374808;	0.8305136718807129;
-2212;	0.938;	-1;	1.4929168052473654;	0.8467399893384081;
-2212;	0.938;	-1;	6.409667925571028;	0.9894610682087318;
-2212;	0.938;	-1;	3.249465922032727;	0.9607720752336631;
-2212;	0.938;	-1;	3.326072032494787;	0.9624589654996615;
-2212;	0.938;	-1;	1.3801800981710648;	0.8270720567919143;
-2212;	0.938;	-1;	2.2665631345965194;	0.9240007283326063;
-2212;	0.938;	-1;	4.3766199258722756;	0.9777954161521539;
-2212;	0.938;	-1;	4.685092660287094;	0.9805411536782783;
-2212;	0.938;	-1;	2.1181066920115237;	0.9143523748779186;
-2212;	0.938;	-1;	3.046151083369646;	0.9557152490816513;
-2212;	0.938;	-1;	1.0091841650744873;	0.732467540343703;
-2212;	0.938;	-1;	5.015826968879708;	0.982959666145841;
-2212;	0.938;	-1;	5.280203463916234;	0.9845850846839406;
-2212;	0.938;	-1;	3.5305827728152757;	0.9664722920320749;
-2212;	0.938;	-1;	1.4215690101549767;	0.8346729832563159;
-2212;	0.938;	-1;	1.4735213218182492;	0.8435824904545393;
-2212;	0.938;	-1;	5.286260396162206;	0.9846195785782387;
-2212;	0.938;	-1;	3.311602981112017;	0.9621486321332238;
-2212;	0.938;	-1;	4.230937556963114;	0.9762948502463007;
-2212;	0.938;	-1;	4.777452603955899;	0.9812654505975691;
-2212;	0.938;	-1;	1.3587519479191188;	0.8229495326114449;
-2212;	0.938;	-1;	1.928121932587252;	0.8992360546027024;
-2212;	0.938;	-1;	5.762969338879567;	0.9870115555721151;
-2212;	0.938;	-1;	4.2344403001738025;	0.9763326712717846;
-2212;	0.938;	-1;	4.981232580339228;	0.9827282740034389;
-2212;	0.938;	-1;	4.190919646876685;	0.9758563232174149;
-2212;	0.938;	-1;	3.395378145244061;	0.9638947466247983;
-2212;	0.938;	-1;	1.2238399824588997;	0.793693194423669;
-2212;	0.938;	-1;	3.702471816203771;	0.9693749147441182;
-2212;	0.938;	-1;	2.0675796678033955;	0.9106663829273473;
-2212;	0.938;	-1;	2.0457120964681224;	0.9090005279307031;
-2212;	0.938;	-1;	4.0049684081352;	0.9736521880354453;
-2212;	0.938;	-1;	5.208330181177457;	0.9841668283187354;
-2212;	0.938;	-1;	0.8495864410968962;	0.6713128610145612;
-2212;	0.938;	-1;	6.870337523750125;	0.9908082265702233;
-2212;	0.938;	-1;	9.652769551022484;	0.9953117656440021;
-2212;	0.938;	-1;	6.8807757987666625;	0.9908357117257144;
-2212;	0.938;	-1;	6.0004039887227725;	0.9880010593932176;
-2212;	0.938;	-1;	2.9601150064281283;	0.9532837924089606;
-2212;	0.938;	-1;	0.4506918411403628;	0.4330839183055401;
-2212;	0.938;	-1;	4.2344403001738025;	0.9763326712717846;
-2212;	0.938;	-1;	2.9693006048200976;	0.9535525865553697;
-2212;	0.938;	-1;	1.658698288784612;	0.8704560654174994;
-2212;	0.938;	-1;	4.1381257270495055;	0.975259167425608;
-2212;	0.938;	-1;	3.1193331086901397;	0.9576401882231006;
-2212;	0.938;	-1;	6.23925720237167;	0.9888872060736644;
-2212;	0.938;	-1;	1.3129770896329456;	0.8136867984893629;
-2212;	0.938;	-1;	4.235570298860593;	0.9763448534052225;
-2212;	0.938;	-1;	1.3555191704291754;	0.8223160554535442;
-2212;	0.938;	-1;	5.047385251224736;	0.9831667527415466;
-2212;	0.938;	-1;	0.5246115153682771;	0.4881297906580278;
-2212;	0.938;	-1;	5.046989998297401;	0.9831641822731257;
-2212;	0.938;	-1;	3.208455949659082;	0.9598228725532634;
-2212;	0.938;	-1;	3.191911484906967;	0.9594303665605882;
-2212;	0.938;	-1;	1.2661291351591117;	0.8035187734914709;
-2212;	0.938;	-1;	4.677521416341885;	0.9804799427573297;
-2212;	0.938;	-1;	5.951067661594011;	0.987804923979089;
-2212;	0.938;	-1;	1.3329539435192186;	0.8178077553372254;
-2212;	0.938;	-1;	3.4515996611338573;	0.9650008504951264;
-2212;	0.938;	-1;	2.5055268096949193;	0.936522282825995;
-2212;	0.938;	-1;	2.917808196369213;	0.9520159106666058;
-2212;	0.938;	-1;	1.0094416357704887;	0.7325541364145927;
-2212;	0.938;	-1;	4.626970198821605;	0.9800638266020363;
-2212;	0.938;	-1;	1.4212258489012222;	0.8346118526484213;
-2212;	0.938;	-1;	6.674955129685067;	0.9902701902412764;
-2212;	0.938;	-1;	7.797274005538154;	0.9928417422988085;
-2212;	0.938;	-1;	1.8505272823252297;	0.8919581267501177;
-2212;	0.938;	-1;	6.524333143877653;	0.9898226704487368;
-2212;	0.938;	-1;	3.1523372264083673;	0.9584683369521656;
-2212;	0.938;	-1;	1.0075260014778775;	0.7319089912755816;
-2212;	0.938;	-1;	4.498072059447692;	0.9789412205361891;
-2212;	0.938;	-1;	1.7392294029451665;	0.8801557566242779;
-2212;	0.938;	-1;	3.3635726626563307;	0.9632460684393721;
-2212;	0.938;	-1;	1.8907615770466673;	0.8958215898369445;
-2212;	0.938;	-1;	1.2057141634301223;	0.7892816847179048;
-2212;	0.938;	-1;	4.291934654335967;	0.9769408990169032;
-2212;	0.938;	-1;	4.462062005902764;	0.9786108206609707;
-2212;	0.938;	-1;	5.954799225225062;	0.9878199252131015;
-2212;	0.938;	-1;	2.517245720887216;	0.9370574427710187;
-2212;	0.938;	-1;	2.6761574059731617;	0.9437103845659288;
-2212;	0.938;	-1;	4.462062005902764;	0.9786108206609707;
-2212;	0.938;	-1;	3.761559990902179;	0.9702873843849328;
-2212;	0.938;	-1;	4.8646659837596244;	0.981913222103603;
-2212;	0.938;	-1;	7.016967905154592;	0.9911833532063296;
-2212;	0.938;	-1;	3.2886496212051837;	0.9616485301720429;
-2212;	0.938;	-1;	1.8565124343308341;	0.892545553417488;
-2212;	0.938;	-1;	2.126619196388954;	0.91495185569571;
-2212;	0.938;	-1;	0.4466458450248922;	0.42991724311312485;
-2212;	0.938;	-1;	4.581792590865392;	0.9796806982400975;
-2212;	0.938;	-1;	4.198885717325014;	0.975944570528519;
-2212;	0.938;	-1;	1.2027855601581687;	0.7885572228991735;
-2212;	0.938;	-1;	2.8631592782199524;	0.9503023002896877;
-2212;	0.938;	-1;	1.7369250987837672;	0.8798925950796309;
-2212;	0.938;	-1;	4.484491927753801;	0.978817515268622;
-2212;	0.938;	-1;	1.4969592851928204;	0.8473870326470699;
-2212;	0.938;	-1;	2.0746705754485455;	0.9111972044809649;
-2212;	0.938;	-1;	0.9245028739003465;	0.7019641106330224;
-2212;	0.938;	-1;	1.080783581640654;	0.7552320752095867;
-2212;	0.938;	-1;	7.713405914094305;	0.9926869448431902;
-2212;	0.938;	-1;	4.267496361398449;	0.9766852328337952;
-2212;	0.938;	-1;	0.7212585870934224;	0.6095621481310003;
-2212;	0.938;	-1;	4.402437554879796;	0.9780465973721334;
-2212;	0.938;	-1;	1.1506243130705174;	0.775085116285881;
-2212;	0.938;	-1;	3.8425817628807843;	0.9714746369014875;
-2212;	0.938;	-1;	1.8502461090530633;	0.8919304187367411;
-2212;	0.938;	-1;	1.2224202708843632;	0.793352106733518;
-2212;	0.938;	-1;	1.8641912288845264;	0.893292609705483;
-2212;	0.938;	-1;	0.44027853184664817;	0.42490145688956454;
-2212;	0.938;	-1;	7.153134861398113;	0.9915116043892411;
-2212;	0.938;	-1;	3.3945241027143997;	0.9638775492630404;
-2212;	0.938;	-1;	6.091160401607563;	0.9883497791513298;
-2212;	0.938;	-1;	3.6783545442701686;	0.9689905574499721;
-2212;	0.938;	-1;	4.856679817095626;	0.9818553010651523;
-2212;	0.938;	-1;	8.113852923674486;	0.9933840109914438;
-2212;	0.938;	-1;	2.211030188983407;	0.9205836990757313;
-2212;	0.938;	-1;	3.702471816203771;	0.9693749147441182;
-2212;	0.938;	-1;	1.3834611895882731;	0.8276917662810643;
-2212;	0.938;	-1;	6.533176697896679;	0.9898497868370886;
-2212;	0.938;	-1;	3.946660626698095;	0.9728995116932735;
-2212;	0.938;	-1;	2.446229862852017;	0.9337105776944822;
-2212;	0.938;	-1;	1.7876769160127899;	0.8855060040141313;
-2212;	0.938;	-1;	4.053667785108938;	0.9742573650596652;
-2212;	0.938;	-1;	3.702471816203771;	0.9693749147441182;
-2212;	0.938;	-1;	2.1716059356248314;	0.9180221808598248;
-2212;	0.938;	-1;	0.59502428185243;	0.5356672278328465;
-2212;	0.938;	-1;	2.698129552754278;	0.9445489073192801;
-2212;	0.938;	-1;	1.6471337347611943;	0.8689738101826243;
-2212;	0.938;	-1;	2.824673491405511;	0.9490412988368081;
-2212;	0.938;	-1;	3.246625657705705;	0.9607074033610689;
-2212;	0.938;	-1;	6.363250426489987;	0.9893092182728551;
-2212;	0.938;	-1;	3.1186649277113756;	0.9576231725318874;
-2212;	0.938;	-1;	4.894839139850286;	0.9821295956550486;
-2212;	0.938;	-1;	4.86691040396094;	0.9819294506784184;
-2212;	0.938;	-1;	5.257931357799663;	0.9844572511632138;
-2212;	0.938;	-1;	0.5739958438796922;	0.5219621205582351;
-2212;	0.938;	-1;	5.779025750953961;	0.9870822388296339;
-2212;	0.938;	-1;	1.4562837607471972;	0.8407008598901256;
-2212;	0.938;	-1;	5.286260396162206;	0.9846195785782387;
-2212;	0.938;	-1;	2.6160996977214;	0.9413219217001643;
-2212;	0.938;	-1;	3.586457095291954;	0.9674587896517998;
-2212;	0.938;	-1;	2.4102037262905807;	0.9319134027908088;
-2212;	0.938;	-1;	3.7007652330322176;	0.9693479488136191;
-2212;	0.938;	-1;	2.1491434955814372;	0.9165093728818576;
-2212;	0.938;	-1;	0.9374677923363555;	0.7069060947070398;
-2212;	0.938;	-1;	3.8709897395493056;	0.9718743455881348;
-2212;	0.938;	-1;	3.8269922189688343;	0.9712517093068201;
-2212;	0.938;	-1;	5.273724380604091;	0.9845480590543014;
-2212;	0.938;	-1;	3.0061923445323657;	0.9546096287283486;
-2212;	0.938;	-1;	3.6705231777583522;	0.9688642162996227;
-2212;	0.938;	-1;	5.624915849207346;	0.9863793028135946;
-2212;	0.938;	-1;	3.702471816203771;	0.9693749147441182;
-2212;	0.938;	-1;	2.1716059356248314;	0.9180221808598248;
-2212;	0.938;	-1;	0.59502428185243;	0.5356672278328465;
-2212;	0.938;	-1;	2.908331009256684;	0.9517249941605083;
-2212;	0.938;	-1;	4.310411269504686;	0.9771314465350006;
-2212;	0.938;	-1;	3.6695799716622886;	0.9688489485766731;
-2212;	0.938;	-1;	3.5957920511912254;	0.9676194222109584;
-2212;	0.938;	-1;	2.9743050863393554;	0.9536980784276321;
-2212;	0.938;	-1;	0.3834081199244481;	0.37836302900062657;
-2212;	0.938;	-1;	3.702471816203771;	0.9693749147441182;
-2212;	0.938;	-1;	2.1716059356248314;	0.9180221808598248;
-2212;	0.938;	-1;	0.59502428185243;	0.5356672278328465;
-2212;	0.938;	-1;	1.1233625200944708;	0.767594324973454;
-2212;	0.938;	-1;	2.4882681992255176;	0.9357220485313801;
-2212;	0.938;	-1;	3.702471816203771;	0.9693749147441182;
-2212;	0.938;	-1;	1.98504914575685;	0.9041403390795097;
-2212;	0.938;	-1;	7.752257921161035;	0.9927592706519183;
-2212;	0.938;	-1;	5.663562473275989;	0.9865608388838066;
-2212;	0.938;	-1;	1.1280059329427305;	0.7688929783481621;
-2212;	0.938;	-1;	2.0759979636550705;	0.911296070571579;
-2212;	0.938;	-1;	1.1618074245682888;	0.7780665163343523;
-2212;	0.938;	-1;	7.045167379362253;	0.991252870689169;
-2212;	0.938;	-1;	1.8898836584628693;	0.895739392646806;
-2212;	0.938;	-1;	4.048535201801387;	0.9741945589697446;
-2212;	0.938;	-1;	4.710543183328224;	0.9807448358432072;
-2212;	0.938;	-1;	2.9999264370554153;	0.954432595232959;
-2212;	0.938;	-1;	6.554519225946172;	0.9899147855718755;
-2212;	0.938;	-1;	2.4224654470600817;	0.9325329166807764;
-2212;	0.938;	-1;	6.455460367766889;	0.9896077414202163;
-2212;	0.938;	-1;	1.520414696505529;	0.8510680845271303;
-2212;	0.938;	-1;	3.410280267194765;	0.9641928918114921;
-2212;	0.938;	-1;	3.133706431078859;	0.9580038002840332;
-2212;	0.938;	-1;	5.4143419978774485;	0.9853228981792242;
-2212;	0.938;	-1;	5.527934980387884;	0.9859073378110713;
-2212;	0.938;	-1;	4.357181109052618;	0.9776034715039035;
-2212;	0.938;	-1;	3.063026658731523;	0.9561703505827437;
-2212;	0.938;	-1;	3.4684702174735476;	0.9653230310541508;
-2212;	0.938;	-1;	3.899011843810814;	0.9722605645204616;
-2212;	0.938;	-1;	11.450948948936066;	0.9966617886518607;
-2212;	0.938;	-1;	1.545605381785726;	0.8548864484277204;
-2212;	0.938;	-1;	3.628248171487171;	0.9681689034601314;
-2212;	0.938;	-1;	1.7022712830171929;	0.8758352591828694;
-2212;	0.938;	-1;	7.56335584874578;	0.9923972314905513;
-2212;	0.938;	-1;	3.7260500425253564;	0.9697439191779942;
-2212;	0.938;	-1;	5.489700954305187;	0.9857145534489073;
-2212;	0.938;	-1;	3.4140381750564375;	0.9642675034172675;
-2212;	0.938;	-1;	2.891417958484729;	0.9511993740858513;
-2212;	0.938;	-1;	0.45879184155562314;	0.43937558256105225;
-2212;	0.938;	-1;	3.629531768525797;	0.9681903511651946;
-2212;	0.938;	-1;	3.1102704669906123;	0.957408544482363;
-2212;	0.938;	-1;	4.314426135820267;	0.9771725426302713;
-2212;	0.938;	-1;	4.377392463484283;	0.9778029939474998;
-2212;	0.938;	-1;	3.826751939709445;	0.9712482532315171;
-2212;	0.938;	-1;	3.354369495406849;	0.9630551673344894;
-2212;	0.938;	-1;	4.986908040248787;	0.9827665547383679;
-2212;	0.938;	-1;	5.555149716081827;	0.9860422093994283;
-2212;	0.938;	-1;	1.1475119259014261;	0.7742460310612155;
-2212;	0.938;	-1;	1.2785105395721226;	0.8062769817280886;
-2212;	0.938;	-1;	1.060060090693372;	0.7489073157093705;
-2212;	0.938;	-1;	1.6152919237911765;	0.8647683576391311;
-2212;	0.938;	-1;	3.201731707742546;	0.959664020373693;
-2212;	0.938;	-1;	3.8881062552597507;	0.9721111942685373;
-2212;	0.938;	-1;	2.029993872519077;	0.9077755807378647;
-2212;	0.938;	-1;	9.09665514042876;	0.994725689386287;
-2212;	0.938;	-1;	3.772418202024399;	0.9704506871192422;
-2212;	0.938;	-1;	4.222757685887861;	0.9762061781453286;
-2212;	0.938;	-1;	6.125819770377558;	0.9884789750878241;
-2212;	0.938;	-1;	0.7157679284883404;	0.6066335900023523;
-2212;	0.938;	-1;	3.179262068263351;	0.9591264563657731;
-2212;	0.938;	-1;	3.4453739988885097;	0.9648808430212387;
-2212;	0.938;	-1;	2.656279787079102;	0.9429357870693877;
-2212;	0.938;	-1;	0.9776269805508643;	0.7215797386940254;
-2212;	0.938;	-1;	2.9106941000744135;	0.9517977737773852;
-2212;	0.938;	-1;	1.0008718267355714;	0.7296526255143141;
-2212;	0.938;	-1;	4.95535332924273;	0.9825521067243373;
-2212;	0.938;	-1;	0.9264710824942136;	0.7027209670761314;
-2212;	0.938;	-1;	1.9189979516562803;	0.898417014376065;
-2212;	0.938;	-1;	0.9823142793551359;	0.7232318397998003;
-2212;	0.938;	-1;	0.6978136381980865;	0.5968825668218909;
-2212;	0.938;	-1;	3.853926726092338;	0.9716352649882626;
-2212;	0.938;	-1;	1.5238389116550346;	0.8515952070430909;
-2212;	0.938;	-1;	1.546709356225951;	0.8550506790556949;
-2212;	0.938;	-1;	2.42728078402582;	0.9327739777317569;
-2212;	0.938;	-1;	3.3300099862012424;	0.9625427789989498;
-2212;	0.938;	-1;	1.8124729054912794;	0.8881148417977313;
-2212;	0.938;	-1;	7.37585250685614;	0.9920104537752663;
-2212;	0.938;	-1;	5.842431992615746;	0.9873558364134656;
-2212;	0.938;	-1;	3.037489265394859;	0.955478961799976;
-2212;	0.938;	-1;	0.9975835092392016;	0.7285287129563771;
-2212;	0.938;	-1;	3.8998114564836337;	0.9722714699661507;
-2212;	0.938;	-1;	1.745311472041595;	0.8808464774808829;
-2212;	0.938;	-1;	4.257458097846648;	0.9765789966993582;
-2212;	0.938;	-1;	6.952270635750955;	0.991020709546246;
-2212;	0.938;	-1;	2.903084958930586;	0.9515628481140241;
-2212;	0.938;	-1;	0.7220215093873588;	0.609967107015077;
-2212;	0.938;	-1;	2.6699070384762464;	0.9434684772382932;
-2212;	0.938;	-1;	9.96661022646662;	0.9956004596024112;
-2212;	0.938;	-1;	1.404904275012714;	0.8316683689974319;
-2212;	0.938;	-1;	2.1346591848173326;	0.9155125527278722;
-2212;	0.938;	-1;	1.4108782110798932;	0.8327539520917542;
-2212;	0.938;	-1;	1.2613737491520902;	0.8024454595621264;
-2212;	0.938;	-1;	2.8781547092322888;	0.9507813055183001;
-2212;	0.938;	-1;	1.4930068909642749;	0.8467544496224905;
-2212;	0.938;	-1;	1.9563490765873048;	0.9017113342188356;
-2212;	0.938;	-1;	6.645879095922675;	0.9901861191848325;
-2212;	0.938;	-1;	4.617777777116716;	0.9799867445841608;
-2212;	0.938;	-1;	4.13147945391781;	0.97518244382844;
-2212;	0.938;	-1;	2.0465953024486794;	0.9090686666858769;
-2212;	0.938;	-1;	3.0614841989394623;	0.9561290388875976;
-2212;	0.938;	-1;	5.920583965970612;	0.9876813384482376;
-2212;	0.938;	-1;	2.6951513896894546;	0.9444363222066666;
-2212;	0.938;	-1;	2.899998632917609;	0.9514670828309244;
-2212;	0.938;	-1;	6.655023689666627;	0.9902126765574099;
-2212;	0.938;	-1;	2.4694161130577004;	0.9348311032990083;
-2212;	0.938;	-1;	2.2429577580563125;	0.9225746289626269;
-2212;	0.938;	-1;	2.5101498510873808;	0.9367341859276485;
-2212;	0.938;	-1;	1.4636696691101991;	0.8419444137784935;
-2212;	0.938;	-1;	12.231178818871722;	0.9970722866620242;
-2212;	0.938;	-1;	0.8132526157679175;	0.6550773944836887;
-2212;	0.938;	-1;	1.1857727338360415;	0.7842829129560668;
-2212;	0.938;	-1;	1.4877977964024547;	0.8459152091410068;
-2212;	0.938;	-1;	2.9439010913964143;	0.9528037429434991;
-2212;	0.938;	-1;	3.2061914943784937;	0.9597694803072939;
-2212;	0.938;	-1;	3.1586563945671644;	0.958624185388914;
-2212;	0.938;	-1;	2.569671341087027;	0.9393730969311491;
-2212;	0.938;	-1;	4.4326251127949;	0.978334984301644;
-2212;	0.938;	-1;	7.812263104928623;	0.9928688916732855;
-2212;	0.938;	-1;	1.6374007072335715;	0.867707908342478;
-2212;	0.938;	-1;	1.2359642961161945;	0.7965758399277468;
-2212;	0.938;	-1;	1.0119722858122153;	0.7334033897153516;
-2212;	0.938;	-1;	2.0076111600419537;	0.9059902593824728;
-2212;	0.938;	-1;	1.9085137752439725;	0.8974641535592786;
-2212;	0.938;	-1;	1.818686160162055;	0.8887553999788734;
-2212;	0.938;	-1;	3.5735163463521475;	0.967234158581725;
-2212;	0.938;	-1;	7.644234376507516;	0.9925554774987628;
-2212;	0.938;	-1;	2.2278060129474917;	0.9216388645982023;
-2212;	0.938;	-1;	2.4292409120937344;	0.9328717468718185;
-2212;	0.938;	-1;	8.318728786135777;	0.993702844990124;
-2212;	0.938;	-1;	4.915758470316966;	0.9822773585533833;
-2212;	0.938;	-1;	1.6540694289455906;	0.8698655966580371;
-2212;	0.938;	-1;	5.792835115395242;	0.9871425726479673;
-2212;	0.938;	-1;	2.3070535975232564;	0.9263602019833063;
-2212;	0.938;	-1;	2.0468962895794207;	0.9090918709917872;
-2212;	0.938;	-1;	1.748492338719561;	0.881205492340691;
-2212;	0.938;	-1;	1.2286508197669506;	0.7948434617785142;
-2212;	0.938;	-1;	3.680095195025531;	0.9690185360394518;
-2212;	0.938;	-1;	6.351410725864373;	0.9892699634443564;
-2212;	0.938;	-1;	4.573441294320722;	0.9796086791343265;
-2212;	0.938;	-1;	3.9532233314449985;	0.9729858053211768;
-2212;	0.938;	-1;	3.0008240716951406;	0.9544580185208433;
-2212;	0.938;	-1;	2.8000016926839524;	0.9482081856248238;
-2212;	0.938;	-1;	3.598912022636841;	0.96767284878651;
-2212;	0.938;	-1;	4.284626825602435;	0.9768648840302675;
-2212;	0.938;	-1;	2.4766060592005745;	0.9351729981978067;
-2212;	0.938;	-1;	3.201731707742546;	0.959664020373693;
-2212;	0.938;	-1;	9.835775524424598;	0.9954834335193948;
-2212;	0.938;	-1;	2.317546722425462;	0.9269544116841218;
-2212;	0.938;	-1;	1.0898261403389076;	0.7579274442974004;
-2212;	0.938;	-1;	1.4365951335612968;	0.8373197527334043;
-2212;	0.938;	-1;	1.4399309313303885;	0.8378994702958492;
-2212;	0.938;	-1;	7.579839161064039;	0.9924298877699748;
-2212;	0.938;	-1;	4.740706434695139;	0.9809821593019048;
-2212;	0.938;	-1;	2.6215597158479915;	0.9415450978982945;
-2212;	0.938;	-1;	3.2128448452678198;	0.9599260596973748;
-2212;	0.938;	-1;	1.4298875562732198;	0.8361454561865279;
-2212;	0.938;	-1;	0.8828068629354895;	0.6853578378261821;
-2212;	0.938;	-1;	9.742219878000085;	0.995396871715535;
-2212;	0.938;	-1;	5.768649940044555;	0.9870366283553691;
-2212;	0.938;	-1;	6.210887824123375;	0.9887871597524007;
-2212;	0.938;	-1;	3.907227616001018;	0.9723723131713371;
-2212;	0.938;	-1;	1.9274357457772748;	0.8991747838537087;
-2212;	0.938;	-1;	3.2608727859407516;	0.9610302358386498;
-2212;	0.938;	-1;	1.9784121914393875;	0.903586286163815;
-2212;	0.938;	-1;	0.5600108528975131;	0.5126172414972359;
-2212;	0.938;	-1;	5.180733413342651;	0.9840017356918226;
-2212;	0.938;	-1;	4.1804965647110635;	0.9757401311609166;
-2212;	0.938;	-1;	3.804062906477362;	0.9709191163622077;
-2212;	0.938;	-1;	2.192530548850403;	0.919396260288643;
-2212;	0.938;	-1;	5.886777295439331;	0.9875420852040152;
-2212;	0.938;	-1;	3.5866393934044107;	0.9674619378158968;
-2212;	0.938;	-1;	3.539826353376109;	0.9666385123067355;
-2212;	0.938;	-1;	0.9782213577738936;	0.7217899204840477;
-2212;	0.938;	-1;	1.0022855153802233;	0.7301339996320433;
-2212;	0.938;	-1;	3.1967492615399165;	0.9595457201712159;
-2212;	0.938;	-1;	1.030980246352955;	0.7396738933361726;
-2212;	0.938;	-1;	8.663575644379247;	0.9941899012286782;
-2212;	0.938;	-1;	1.4525212840030952;	0.8400622193506933;
-2212;	0.938;	-1;	4.440656095761638;	0.9784107592326178;
-2212;	0.938;	-1;	1.3791827162616996;	0.8268830784571013;
-2212;	0.938;	-1;	3.4475293444923714;	0.9649224585338695;
-2212;	0.938;	-1;	2.3324321454063783;	0.9277855469902587;
-2212;	0.938;	-1;	1.0279070349374986;	0.7386729006355467;
-2212;	0.938;	-1;	2.134455379851556;	0.9154984052233388;
-2212;	0.938;	-1;	4.79675549552153;	0.9814117591197895;
-2212;	0.938;	-1;	0.6007578720691057;	0.5393325411849371;
-2212;	0.938;	-1;	0.5148040704947855;	0.48113218499134813;
-2212;	0.938;	-1;	4.07751799562062;	0.9745462653215583;
-2212;	0.938;	-1;	1.7794151703638474;	0.8846177240917087;
-2212;	0.938;	-1;	0.9504719346729813;	0.7117611669164561;
-2212;	0.938;	-1;	5.009714295934649;	0.9829191167975204;
-2212;	0.938;	-1;	2.7408859363718516;	0.9461292513736606;
-2212;	0.938;	-1;	1.0781670768215843;	0.75444493476262;
-2212;	0.938;	-1;	9.256717740531403;	0.9949051344187173;
-2212;	0.938;	-1;	3.6628695636553057;	0.9687400071567737;
-2212;	0.938;	-1;	4.881338505224259;	0.9820332600692274;
-2212;	0.938;	-1;	2.093818632777443;	0.9126082717087426;
-2212;	0.938;	-1;	1.7378234505625465;	0.87999528717606;
-2212;	0.938;	-1;	1.8026128265218242;	0.8870875824913061;
-2212;	0.938;	-1;	2.7983328265817558;	0.9481511150051494;
-2212;	0.938;	-1;	6.363250426489987;	0.9893092182728551;
-2212;	0.938;	-1;	5.602014379088472;	0.9862699980150723;
-2212;	0.938;	-1;	2.3562094193617424;	0.9290850985163629;
-2212;	0.938;	-1;	1.8679784125532608;	0.8936583532585264;
-2212;	0.938;	-1;	5.654785070371463;	0.9865199262211299;
-2212;	0.938;	-1;	4.730040449395089;	0.9808987387642975;
-2212;	0.938;	-1;	5.322746330375044;	0.9848249540144107;
-2212;	0.938;	-1;	1.383071568995618;	0.8276183354844134;
-2212;	0.938;	-1;	6.53368846527396;	0.9898513527332037;
-2212;	0.938;	-1;	4.025924709871013;	0.9739151616257956;
-2212;	0.938;	-1;	3.1636132332321156;	0.958745834726438;
-2212;	0.938;	-1;	2.2822068268371294;	0.9249250678457205;
-2212;	0.938;	-1;	2.0741357939056666;	0.911157328515027;
-2212;	0.938;	-1;	3.662498673896721;	0.9687339694812294;
-2212;	0.938;	-1;	1.9514100782833934;	0.9012845123099271;
-2212;	0.938;	-1;	6.571180465531669;	0.9899650966382549;
-2212;	0.938;	-1;	2.4568267265446297;	0.9342261300421324;
-2212;	0.938;	-1;	5.731815891746786;	0.9868727583850763;
-2212;	0.938;	-1;	4.772559889003489;	0.9812280938798731;
-2212;	0.938;	-1;	1.6979727346532982;	0.8753186388477733;
-2212;	0.938;	-1;	4.391189871644599;	0.9779376887978511;
-2212;	0.938;	-1;	5.535624346391381;	0.9859456410601578;
-2212;	0.938;	-1;	7.432727585287921;	0.9921308237073141;
-2212;	0.938;	-1;	3.026994281750456;	0.9551901831851931;
-2212;	0.938;	-1;	7.982601352262369;	0.9931669027192357;
-2212;	0.938;	-1;	3.707402845557655;	0.969452633995372;
-2212;	0.938;	-1;	4.094279175062443;	0.9747464322518546;
-2212;	0.938;	-1;	1.2893797148420474;	0.8086557375798332;
-2212;	0.938;	-1;	2.0600083462279954;	0.9100945752589874;
-2212;	0.938;	-1;	3.702471816203771;	0.9693749147441182;
-2212;	0.938;	-1;	5.778760299143753;	0.98708107492701;
-2212;	0.938;	-1;	5.614533309423411;	0.9863299099553712;
-2212;	0.938;	-1;	4.538078194207342;	0.9792994795727793;
-2212;	0.938;	-1;	0.8905569360630459;	0.6885287379592803;
-2212;	0.938;	-1;	3.091769739482712;	0.9569298542584218;
-2212;	0.938;	-1;	3.5866393934044107;	0.9674619378158968;
-2212;	0.938;	-1;	3.7827648970012664;	0.9706050660378205;
-2212;	0.938;	-1;	3.9244055097287025;	0.9726038209462556;
-2212;	0.938;	-1;	2.1257627470922054;	0.9148918140571415;
-2212;	0.938;	-1;	2.2852771822606663;	0.9251045824033484;
-2212;	0.938;	-1;	2.167687773440631;	0.917761147567848;
-2212;	0.938;	-1;	1.9781441635960206;	0.9035638154843815;
-2212;	0.938;	-1;	0.8828068629354895;	0.6853578378261821;
-2212;	0.938;	-1;	6.0525509709563785;	0.9882032989312095;
-2212;	0.938;	-1;	3.276669639689207;	0.9613836455152871;
-2212;	0.938;	-1;	1.2228036122603663;	0.7934442787551717;
-2212;	0.938;	-1;	1.2739367312021428;	0.8052641438627915;
-2212;	0.938;	-1;	5.934740555618249;	0.9877389624952314;
-2212;	0.938;	-1;	1.3823541203371155;	0.8274830085160785;
-2212;	0.938;	-1;	8.101515185088497;	0.9933640450543966;
-2212;	0.938;	-1;	1.1124406033977905;	0.7645020415097364;
-2212;	0.938;	-1;	2.626887132794441;	0.9417616657737654;
-2212;	0.938;	-1;	1.8679784125532608;	0.8936583532585264;
-2212;	0.938;	-1;	0.41483262194412823;	0.40446361529580066;
-2212;	0.938;	-1;	2.0604072004357996;	0.9101248282299291;
-2212;	0.938;	-1;	7.555045548743832;	0.992380687480513;
-2212;	0.938;	-1;	6.631024012206939;	0.9901427477825315;
-2212;	0.938;	-1;	1.7508539704615576;	0.8814710600943669;
