# hega-rs ver.0.2.9 distribution : N(Nu); total-items=159774879
 lbin;	 rbin;	 value
#UrQmdF19 in Lab: false
-30;	-29.97;	0
-29.97;	-29.94;	0
-29.94;	-29.91;	0
-29.91;	-29.88;	0
-29.88;	-29.85;	0
-29.85;	-29.82;	0
-29.82;	-29.79;	0
-29.79;	-29.76;	0
-29.76;	-29.73;	0
-29.73;	-29.7;	0
-29.7;	-29.67;	0
-29.67;	-29.64;	0
-29.64;	-29.61;	0
-29.61;	-29.58;	0
-29.58;	-29.55;	0
-29.55;	-29.52;	0
-29.52;	-29.49;	0
-29.49;	-29.46;	0
-29.46;	-29.43;	0
-29.43;	-29.4;	0
-29.4;	-29.37;	0
-29.37;	-29.34;	0
-29.34;	-29.31;	0
-29.31;	-29.28;	0
-29.28;	-29.25;	0
-29.25;	-29.22;	0
-29.22;	-29.19;	0
-29.19;	-29.16;	0
-29.16;	-29.13;	0
-29.13;	-29.1;	0
-29.1;	-29.07;	0
-29.07;	-29.04;	0
-29.04;	-29.01;	0
-29.01;	-28.98;	0
-28.98;	-28.95;	0
-28.95;	-28.92;	0
-28.92;	-28.89;	0
-28.89;	-28.86;	0
-28.86;	-28.83;	0
-28.83;	-28.8;	0
-28.8;	-28.77;	0
-28.77;	-28.74;	0
-28.74;	-28.71;	0
-28.71;	-28.68;	0
-28.68;	-28.65;	0
-28.65;	-28.62;	0
-28.62;	-28.59;	0
-28.59;	-28.56;	0
-28.56;	-28.53;	0
-28.53;	-28.5;	0
-28.5;	-28.47;	0
-28.47;	-28.44;	0
-28.44;	-28.41;	0
-28.41;	-28.38;	0
-28.38;	-28.35;	0
-28.35;	-28.32;	0
-28.32;	-28.29;	0
-28.29;	-28.26;	0
-28.26;	-28.23;	0
-28.23;	-28.2;	0
-28.2;	-28.17;	0
-28.17;	-28.14;	0
-28.14;	-28.11;	0
-28.11;	-28.08;	0
-28.08;	-28.05;	0
-28.05;	-28.02;	0
-28.02;	-27.990000000000002;	0
-27.990000000000002;	-27.96;	0
-27.96;	-27.93;	0
-27.93;	-27.9;	0
-27.9;	-27.87;	0
-27.87;	-27.84;	0
-27.84;	-27.81;	0
-27.81;	-27.78;	0
-27.78;	-27.75;	0
-27.75;	-27.72;	0
-27.72;	-27.69;	0
-27.69;	-27.66;	0
-27.66;	-27.63;	0
-27.63;	-27.6;	0
-27.6;	-27.57;	0
-27.57;	-27.54;	0
-27.54;	-27.51;	0
-27.51;	-27.48;	0
-27.48;	-27.45;	0
-27.45;	-27.42;	0
-27.42;	-27.39;	0
-27.39;	-27.36;	0
-27.36;	-27.33;	0
-27.33;	-27.3;	0
-27.3;	-27.27;	0
-27.27;	-27.240000000000002;	0
-27.240000000000002;	-27.21;	0
-27.21;	-27.18;	0
-27.18;	-27.15;	0
-27.15;	-27.12;	0
-27.12;	-27.09;	0
-27.09;	-27.06;	0
-27.06;	-27.03;	0
-27.03;	-27;	0
-27;	-26.97;	0
-26.97;	-26.94;	0
-26.94;	-26.91;	0
-26.91;	-26.88;	0
-26.88;	-26.85;	0
-26.85;	-26.82;	0
-26.82;	-26.79;	0
-26.79;	-26.76;	0
-26.76;	-26.73;	0
-26.73;	-26.7;	0
-26.7;	-26.67;	0
-26.67;	-26.64;	0
-26.64;	-26.61;	0
-26.61;	-26.58;	0
-26.58;	-26.55;	0
-26.55;	-26.52;	0
-26.52;	-26.490000000000002;	0
-26.490000000000002;	-26.46;	0
-26.46;	-26.43;	0
-26.43;	-26.4;	0
-26.4;	-26.37;	0
-26.37;	-26.34;	0
-26.34;	-26.31;	0
-26.31;	-26.28;	0
-26.28;	-26.25;	0
-26.25;	-26.22;	0
-26.22;	-26.19;	0
-26.19;	-26.16;	0
-26.16;	-26.13;	0
-26.13;	-26.1;	0
-26.1;	-26.07;	0
-26.07;	-26.04;	0
-26.04;	-26.01;	0
-26.01;	-25.98;	0
-25.98;	-25.95;	0
-25.95;	-25.92;	0
-25.92;	-25.89;	0
-25.89;	-25.86;	0
-25.86;	-25.83;	0
-25.83;	-25.8;	0
-25.8;	-25.77;	0
-25.77;	-25.740000000000002;	0
-25.740000000000002;	-25.71;	0
-25.71;	-25.68;	0
-25.68;	-25.65;	0
-25.65;	-25.62;	0
-25.62;	-25.59;	0
-25.59;	-25.560000000000002;	0
-25.560000000000002;	-25.53;	0
-25.53;	-25.5;	0
-25.5;	-25.47;	0
-25.47;	-25.44;	0
-25.44;	-25.41;	0
-25.41;	-25.38;	0
-25.38;	-25.35;	0
-25.35;	-25.32;	0
-25.32;	-25.29;	0
-25.29;	-25.259999999999998;	0
-25.259999999999998;	-25.23;	0
-25.23;	-25.2;	0
-25.2;	-25.17;	0
-25.17;	-25.14;	0
-25.14;	-25.11;	0
-25.11;	-25.08;	0
-25.08;	-25.05;	0
-25.05;	-25.02;	0
-25.02;	-24.990000000000002;	0
-24.990000000000002;	-24.96;	0
-24.96;	-24.93;	0
-24.93;	-24.9;	0
-24.9;	-24.87;	0
-24.87;	-24.84;	0
-24.84;	-24.810000000000002;	0
-24.810000000000002;	-24.78;	0
-24.78;	-24.75;	0
-24.75;	-24.72;	0
-24.72;	-24.69;	0
-24.69;	-24.66;	0
-24.66;	-24.63;	0
-24.63;	-24.6;	0
-24.6;	-24.57;	0
-24.57;	-24.54;	0
-24.54;	-24.509999999999998;	0
-24.509999999999998;	-24.48;	0
-24.48;	-24.45;	0
-24.45;	-24.42;	0
-24.42;	-24.39;	0
-24.39;	-24.36;	0
-24.36;	-24.33;	0
-24.33;	-24.3;	0
-24.3;	-24.27;	0
-24.27;	-24.240000000000002;	0
-24.240000000000002;	-24.21;	0
-24.21;	-24.18;	0
-24.18;	-24.15;	0
-24.15;	-24.12;	0
-24.12;	-24.09;	0
-24.09;	-24.060000000000002;	0
-24.060000000000002;	-24.03;	0
-24.03;	-24;	0
-24;	-23.97;	0
-23.97;	-23.94;	0
-23.94;	-23.91;	0
-23.91;	-23.88;	0
-23.88;	-23.85;	0
-23.85;	-23.82;	0
-23.82;	-23.79;	0
-23.79;	-23.759999999999998;	0
-23.759999999999998;	-23.73;	0
-23.73;	-23.7;	0
-23.7;	-23.67;	0
-23.67;	-23.64;	0
-23.64;	-23.61;	0
-23.61;	-23.58;	0
-23.58;	-23.55;	0
-23.55;	-23.52;	0
-23.52;	-23.490000000000002;	0
-23.490000000000002;	-23.46;	0
-23.46;	-23.43;	0
-23.43;	-23.4;	0
-23.4;	-23.37;	0
-23.37;	-23.34;	0
-23.34;	-23.310000000000002;	0
-23.310000000000002;	-23.28;	0
-23.28;	-23.25;	0
-23.25;	-23.22;	0
-23.22;	-23.19;	0
-23.19;	-23.16;	0
-23.16;	-23.13;	0
-23.13;	-23.1;	0
-23.1;	-23.07;	0
-23.07;	-23.04;	0
-23.04;	-23.01;	0
-23.01;	-22.98;	0
-22.98;	-22.95;	0
-22.95;	-22.92;	0
-22.92;	-22.89;	0
-22.89;	-22.86;	0
-22.86;	-22.83;	0
-22.83;	-22.8;	0
-22.8;	-22.77;	0
-22.77;	-22.740000000000002;	0
-22.740000000000002;	-22.71;	0
-22.71;	-22.68;	0
-22.68;	-22.65;	0
-22.65;	-22.62;	0
-22.62;	-22.59;	0
-22.59;	-22.560000000000002;	0
-22.560000000000002;	-22.53;	0
-22.53;	-22.5;	0
-22.5;	-22.47;	0
-22.47;	-22.44;	0
-22.44;	-22.41;	0
-22.41;	-22.38;	0
-22.38;	-22.35;	0
-22.35;	-22.32;	0
-22.32;	-22.29;	0
-22.29;	-22.26;	0
-22.26;	-22.23;	0
-22.23;	-22.2;	0
-22.2;	-22.17;	0
-22.17;	-22.14;	0
-22.14;	-22.11;	0
-22.11;	-22.08;	0
-22.08;	-22.05;	0
-22.05;	-22.02;	0
-22.02;	-21.990000000000002;	0
-21.990000000000002;	-21.96;	0
-21.96;	-21.93;	0
-21.93;	-21.9;	0
-21.9;	-21.87;	0
-21.87;	-21.84;	0
-21.84;	-21.810000000000002;	0
-21.810000000000002;	-21.78;	0
-21.78;	-21.75;	0
-21.75;	-21.72;	0
-21.72;	-21.689999999999998;	0
-21.689999999999998;	-21.66;	0
-21.66;	-21.630000000000003;	0
-21.630000000000003;	-21.6;	0
-21.6;	-21.57;	0
-21.57;	-21.54;	0
-21.54;	-21.509999999999998;	0
-21.509999999999998;	-21.48;	0
-21.48;	-21.450000000000003;	0
-21.450000000000003;	-21.42;	0
-21.42;	-21.39;	0
-21.39;	-21.36;	0
-21.36;	-21.33;	0
-21.33;	-21.3;	0
-21.3;	-21.27;	0
-21.27;	-21.240000000000002;	0
-21.240000000000002;	-21.21;	0
-21.21;	-21.18;	0
-21.18;	-21.15;	0
-21.15;	-21.12;	0
-21.12;	-21.09;	0
-21.09;	-21.060000000000002;	0
-21.060000000000002;	-21.03;	0
-21.03;	-21;	0
-21;	-20.97;	0
-20.97;	-20.939999999999998;	0
-20.939999999999998;	-20.91;	0
-20.91;	-20.880000000000003;	0
-20.880000000000003;	-20.85;	0
-20.85;	-20.82;	0
-20.82;	-20.79;	0
-20.79;	-20.759999999999998;	0
-20.759999999999998;	-20.73;	0
-20.73;	-20.700000000000003;	0
-20.700000000000003;	-20.67;	0
-20.67;	-20.64;	0
-20.64;	-20.61;	0
-20.61;	-20.58;	0
-20.58;	-20.55;	0
-20.55;	-20.52;	0
-20.52;	-20.490000000000002;	0
-20.490000000000002;	-20.46;	0
-20.46;	-20.43;	0
-20.43;	-20.4;	0
-20.4;	-20.37;	0
-20.37;	-20.34;	0
-20.34;	-20.310000000000002;	0
-20.310000000000002;	-20.28;	0
-20.28;	-20.25;	0
-20.25;	-20.22;	0
-20.22;	-20.189999999999998;	0
-20.189999999999998;	-20.16;	0
-20.16;	-20.130000000000003;	0
-20.130000000000003;	-20.1;	0
-20.1;	-20.07;	0
-20.07;	-20.04;	0
-20.04;	-20.009999999999998;	0
-20.009999999999998;	-19.98;	0
-19.98;	-19.950000000000003;	0
-19.950000000000003;	-19.92;	0
-19.92;	-19.89;	0
-19.89;	-19.86;	0
-19.86;	-19.83;	0
-19.83;	-19.8;	0
-19.8;	-19.77;	0
-19.77;	-19.740000000000002;	0
-19.740000000000002;	-19.71;	0
-19.71;	-19.68;	0
-19.68;	-19.65;	0
-19.65;	-19.62;	0
-19.62;	-19.59;	0
-19.59;	-19.560000000000002;	0
-19.560000000000002;	-19.53;	0
-19.53;	-19.5;	0
-19.5;	-19.47;	0
-19.47;	-19.44;	0
-19.44;	-19.41;	0
-19.41;	-19.380000000000003;	0
-19.380000000000003;	-19.35;	0
-19.35;	-19.32;	0
-19.32;	-19.29;	0
-19.29;	-19.259999999999998;	0
-19.259999999999998;	-19.23;	0
-19.23;	-19.200000000000003;	0
-19.200000000000003;	-19.17;	0
-19.17;	-19.14;	0
-19.14;	-19.11;	0
-19.11;	-19.08;	0
-19.08;	-19.05;	0
-19.05;	-19.02;	0
-19.02;	-18.990000000000002;	0
-18.990000000000002;	-18.96;	0
-18.96;	-18.93;	0
-18.93;	-18.9;	0
-18.9;	-18.87;	0
-18.87;	-18.84;	0
-18.84;	-18.810000000000002;	0
-18.810000000000002;	-18.78;	0
-18.78;	-18.75;	0
-18.75;	-18.72;	0
-18.72;	-18.69;	0
-18.69;	-18.66;	0
-18.66;	-18.630000000000003;	0
-18.630000000000003;	-18.6;	0
-18.6;	-18.57;	0
-18.57;	-18.54;	0
-18.54;	-18.509999999999998;	0
-18.509999999999998;	-18.48;	0
-18.48;	-18.450000000000003;	0
-18.450000000000003;	-18.42;	0
-18.42;	-18.39;	0
-18.39;	-18.36;	0
-18.36;	-18.33;	0
-18.33;	-18.3;	0
-18.3;	-18.27;	0
-18.27;	-18.240000000000002;	0
-18.240000000000002;	-18.21;	0
-18.21;	-18.18;	0
-18.18;	-18.15;	0
-18.15;	-18.12;	0
-18.12;	-18.09;	0
-18.09;	-18.060000000000002;	0
-18.060000000000002;	-18.03;	0
-18.03;	-18;	0
-18;	-17.97;	0
-17.97;	-17.94;	0
-17.94;	-17.91;	0
-17.91;	-17.880000000000003;	0
-17.880000000000003;	-17.85;	0
-17.85;	-17.82;	0
-17.82;	-17.79;	0
-17.79;	-17.759999999999998;	0
-17.759999999999998;	-17.73;	0
-17.73;	-17.700000000000003;	0
-17.700000000000003;	-17.67;	0
-17.67;	-17.64;	0
-17.64;	-17.61;	0
-17.61;	-17.58;	0
-17.58;	-17.55;	0
-17.55;	-17.52;	0
-17.52;	-17.490000000000002;	0
-17.490000000000002;	-17.46;	0
-17.46;	-17.43;	0
-17.43;	-17.4;	0
-17.4;	-17.37;	0
-17.37;	-17.34;	0
-17.34;	-17.310000000000002;	0
-17.310000000000002;	-17.28;	0
-17.28;	-17.25;	0
-17.25;	-17.22;	0
-17.22;	-17.19;	0
-17.19;	-17.16;	0
-17.16;	-17.130000000000003;	0
-17.130000000000003;	-17.1;	0
-17.1;	-17.07;	0
-17.07;	-17.04;	0
-17.04;	-17.009999999999998;	0
-17.009999999999998;	-16.98;	0
-16.98;	-16.950000000000003;	0
-16.950000000000003;	-16.92;	0
-16.92;	-16.89;	0
-16.89;	-16.86;	0
-16.86;	-16.83;	0
-16.83;	-16.8;	0
-16.8;	-16.770000000000003;	0
-16.770000000000003;	-16.740000000000002;	0
-16.740000000000002;	-16.71;	0
-16.71;	-16.68;	0
-16.68;	-16.65;	0
-16.65;	-16.62;	0
-16.62;	-16.59;	0
-16.59;	-16.560000000000002;	0
-16.560000000000002;	-16.53;	0
-16.53;	-16.5;	0
-16.5;	-16.47;	0
-16.47;	-16.44;	0
-16.44;	-16.41;	0
-16.41;	-16.380000000000003;	0
-16.380000000000003;	-16.35;	0
-16.35;	-16.32;	0
-16.32;	-16.29;	0
-16.29;	-16.259999999999998;	0
-16.259999999999998;	-16.23;	0
-16.23;	-16.200000000000003;	0
-16.200000000000003;	-16.17;	0
-16.17;	-16.14;	0
-16.14;	-16.11;	0
-16.11;	-16.08;	0
-16.08;	-16.05;	0
-16.05;	-16.020000000000003;	0
-16.020000000000003;	-15.99;	0
-15.99;	-15.96;	0
-15.96;	-15.93;	0
-15.93;	-15.9;	0
-15.9;	-15.870000000000001;	0
-15.870000000000001;	-15.84;	0
-15.84;	-15.81;	0
-15.81;	-15.780000000000001;	0
-15.780000000000001;	-15.75;	0
-15.75;	-15.72;	0
-15.72;	-15.690000000000001;	0
-15.690000000000001;	-15.66;	0
-15.66;	-15.63;	0
-15.63;	-15.600000000000001;	0
-15.600000000000001;	-15.57;	0
-15.57;	-15.540000000000001;	0
-15.540000000000001;	-15.51;	0
-15.51;	-15.48;	0
-15.48;	-15.450000000000001;	0
-15.450000000000001;	-15.42;	0
-15.42;	-15.39;	0
-15.39;	-15.360000000000001;	0
-15.360000000000001;	-15.33;	0
-15.33;	-15.3;	0
-15.3;	-15.270000000000001;	0
-15.270000000000001;	-15.24;	0
-15.24;	-15.21;	0
-15.21;	-15.18;	0
-15.18;	-15.15;	0
-15.15;	-15.120000000000001;	0
-15.120000000000001;	-15.09;	0
-15.09;	-15.06;	0
-15.06;	-15.030000000000001;	0
-15.030000000000001;	-15;	0
-15;	-14.97;	0
-14.97;	-14.940000000000001;	0
-14.940000000000001;	-14.91;	0
-14.91;	-14.88;	0
-14.88;	-14.850000000000001;	0
-14.850000000000001;	-14.82;	0
-14.82;	-14.790000000000001;	0
-14.790000000000001;	-14.76;	0
-14.76;	-14.73;	0
-14.73;	-14.700000000000001;	0
-14.700000000000001;	-14.67;	0
-14.67;	-14.64;	0
-14.64;	-14.610000000000001;	0
-14.610000000000001;	-14.58;	0
-14.58;	-14.55;	0
-14.55;	-14.520000000000001;	0
-14.520000000000001;	-14.49;	0
-14.49;	-14.46;	0
-14.46;	-14.43;	0
-14.43;	-14.4;	0
-14.4;	-14.370000000000001;	0
-14.370000000000001;	-14.34;	0
-14.34;	-14.31;	0
-14.31;	-14.280000000000001;	0
-14.280000000000001;	-14.25;	0
-14.25;	-14.22;	0
-14.22;	-14.190000000000001;	0
-14.190000000000001;	-14.16;	0
-14.16;	-14.13;	0
-14.13;	-14.100000000000001;	0
-14.100000000000001;	-14.07;	0
-14.07;	-14.040000000000001;	0
-14.040000000000001;	-14.01;	0
-14.01;	-13.98;	0
-13.98;	-13.95;	0
-13.95;	-13.920000000000002;	0
-13.920000000000002;	-13.89;	0
-13.89;	-13.86;	0
-13.86;	-13.830000000000002;	0
-13.830000000000002;	-13.8;	0
-13.8;	-13.77;	0
-13.77;	-13.740000000000002;	0
-13.740000000000002;	-13.71;	0
-13.71;	-13.68;	0
-13.68;	-13.650000000000002;	0
-13.650000000000002;	-13.620000000000001;	0
-13.620000000000001;	-13.59;	0
-13.59;	-13.560000000000002;	0
-13.560000000000002;	-13.530000000000001;	0
-13.530000000000001;	-13.5;	0
-13.5;	-13.469999999999999;	0
-13.469999999999999;	-13.440000000000001;	0
-13.440000000000001;	-13.41;	0
-13.41;	-13.379999999999999;	0
-13.379999999999999;	-13.350000000000001;	0
-13.350000000000001;	-13.32;	0
-13.32;	-13.29;	0
-13.29;	-13.260000000000002;	0
-13.260000000000002;	-13.23;	0
-13.23;	-13.2;	0
-13.2;	-13.170000000000002;	0
-13.170000000000002;	-13.14;	0
-13.14;	-13.11;	0
-13.11;	-13.080000000000002;	0
-13.080000000000002;	-13.05;	0
-13.05;	-13.02;	0
-13.02;	-12.990000000000002;	0
-12.990000000000002;	-12.96;	0
-12.96;	-12.93;	0
-12.93;	-12.900000000000002;	0
-12.900000000000002;	-12.870000000000001;	0
-12.870000000000001;	-12.84;	0
-12.84;	-12.810000000000002;	0
-12.810000000000002;	-12.780000000000001;	0
-12.780000000000001;	-12.75;	0
-12.75;	-12.719999999999999;	0
-12.719999999999999;	-12.690000000000001;	0
-12.690000000000001;	-12.66;	0
-12.66;	-12.629999999999999;	0
-12.629999999999999;	-12.600000000000001;	0
-12.600000000000001;	-12.57;	0
-12.57;	-12.54;	0
-12.54;	-12.510000000000002;	0
-12.510000000000002;	-12.48;	0
-12.48;	-12.45;	0
-12.45;	-12.420000000000002;	0
-12.420000000000002;	-12.39;	0
-12.39;	-12.36;	0
-12.36;	-12.330000000000002;	0
-12.330000000000002;	-12.3;	0
-12.3;	-12.27;	0
-12.27;	-12.240000000000002;	0
-12.240000000000002;	-12.21;	0
-12.21;	-12.18;	0
-12.18;	-12.150000000000002;	0
-12.150000000000002;	-12.120000000000001;	0
-12.120000000000001;	-12.09;	0
-12.09;	-12.060000000000002;	0
-12.060000000000002;	-12.030000000000001;	0
-12.030000000000001;	-12;	0
-12;	-11.970000000000002;	0
-11.970000000000002;	-11.940000000000001;	0
-11.940000000000001;	-11.91;	0
-11.91;	-11.879999999999999;	0
-11.879999999999999;	-11.850000000000001;	0
-11.850000000000001;	-11.82;	0
-11.82;	-11.79;	0
-11.79;	-11.760000000000002;	0
-11.760000000000002;	-11.73;	0
-11.73;	-11.7;	0
-11.7;	-11.670000000000002;	0
-11.670000000000002;	-11.64;	0
-11.64;	-11.61;	0
-11.61;	-11.580000000000002;	0
-11.580000000000002;	-11.55;	0
-11.55;	-11.52;	1
-11.52;	-11.490000000000002;	0
-11.490000000000002;	-11.46;	0
-11.46;	-11.43;	1
-11.43;	-11.400000000000002;	0
-11.400000000000002;	-11.370000000000001;	0
-11.370000000000001;	-11.34;	0
-11.34;	-11.310000000000002;	0
-11.310000000000002;	-11.280000000000001;	0
-11.280000000000001;	-11.25;	0
-11.25;	-11.220000000000002;	0
-11.220000000000002;	-11.190000000000001;	0
-11.190000000000001;	-11.16;	0
-11.16;	-11.129999999999999;	0
-11.129999999999999;	-11.100000000000001;	0
-11.100000000000001;	-11.07;	0
-11.07;	-11.04;	0
-11.04;	-11.010000000000002;	0
-11.010000000000002;	-10.98;	0
-10.98;	-10.95;	0
-10.95;	-10.920000000000002;	0
-10.920000000000002;	-10.89;	0
-10.89;	-10.86;	0
-10.86;	-10.830000000000002;	0
-10.830000000000002;	-10.8;	0
-10.8;	-10.77;	0
-10.77;	-10.740000000000002;	0
-10.740000000000002;	-10.71;	2
-10.71;	-10.68;	1
-10.68;	-10.650000000000002;	1
-10.650000000000002;	-10.620000000000001;	0
-10.620000000000001;	-10.59;	0
-10.59;	-10.560000000000002;	0
-10.560000000000002;	-10.530000000000001;	1
-10.530000000000001;	-10.5;	0
-10.5;	-10.470000000000002;	0
-10.470000000000002;	-10.440000000000001;	0
-10.440000000000001;	-10.41;	1
-10.41;	-10.379999999999999;	0
-10.379999999999999;	-10.350000000000001;	2
-10.350000000000001;	-10.32;	0
-10.32;	-10.29;	0
-10.29;	-10.260000000000002;	0
-10.260000000000002;	-10.23;	1
-10.23;	-10.2;	1
-10.2;	-10.170000000000002;	1
-10.170000000000002;	-10.14;	2
-10.14;	-10.11;	0
-10.11;	-10.080000000000002;	0
-10.080000000000002;	-10.05;	2
-10.05;	-10.02;	1
-10.02;	-9.990000000000002;	2
-9.990000000000002;	-9.96;	3
-9.96;	-9.93;	2
-9.93;	-9.900000000000002;	2
-9.900000000000002;	-9.870000000000001;	2
-9.870000000000001;	-9.84;	0
-9.84;	-9.810000000000002;	3
-9.810000000000002;	-9.780000000000001;	1
-9.780000000000001;	-9.75;	5
-9.75;	-9.720000000000002;	2
-9.720000000000002;	-9.690000000000001;	2
-9.690000000000001;	-9.66;	1
-9.66;	-9.629999999999999;	3
-9.629999999999999;	-9.600000000000001;	3
-9.600000000000001;	-9.57;	4
-9.57;	-9.54;	2
-9.54;	-9.510000000000002;	4
-9.510000000000002;	-9.48;	1
-9.48;	-9.45;	6
-9.45;	-9.420000000000002;	0
-9.420000000000002;	-9.39;	6
-9.39;	-9.36;	6
-9.36;	-9.330000000000002;	1
-9.330000000000002;	-9.3;	4
-9.3;	-9.27;	4
-9.27;	-9.240000000000002;	5
-9.240000000000002;	-9.21;	8
-9.21;	-9.18;	9
-9.18;	-9.150000000000002;	5
-9.150000000000002;	-9.120000000000001;	9
-9.120000000000001;	-9.09;	9
-9.09;	-9.060000000000002;	8
-9.060000000000002;	-9.030000000000001;	8
-9.030000000000001;	-9;	11
-9;	-8.970000000000002;	14
-8.970000000000002;	-8.940000000000001;	8
-8.940000000000001;	-8.91;	13
-8.91;	-8.880000000000003;	10
-8.880000000000003;	-8.850000000000001;	13
-8.850000000000001;	-8.82;	11
-8.82;	-8.79;	21
-8.79;	-8.760000000000002;	12
-8.760000000000002;	-8.73;	20
-8.73;	-8.7;	16
-8.7;	-8.670000000000002;	31
-8.670000000000002;	-8.64;	15
-8.64;	-8.61;	19
-8.61;	-8.580000000000002;	20
-8.580000000000002;	-8.55;	14
-8.55;	-8.52;	17
-8.52;	-8.490000000000002;	20
-8.490000000000002;	-8.46;	26
-8.46;	-8.43;	31
-8.43;	-8.400000000000002;	42
-8.400000000000002;	-8.370000000000001;	38
-8.370000000000001;	-8.34;	46
-8.34;	-8.310000000000002;	42
-8.310000000000002;	-8.280000000000001;	40
-8.280000000000001;	-8.25;	36
-8.25;	-8.220000000000002;	50
-8.220000000000002;	-8.190000000000001;	58
-8.190000000000001;	-8.16;	43
-8.16;	-8.130000000000003;	51
-8.130000000000003;	-8.100000000000001;	44
-8.100000000000001;	-8.07;	50
-8.07;	-8.04;	54
-8.04;	-8.010000000000002;	61
-8.010000000000002;	-7.98;	58
-7.98;	-7.949999999999999;	56
-7.949999999999999;	-7.920000000000002;	80
-7.920000000000002;	-7.890000000000001;	78
-7.890000000000001;	-7.859999999999999;	83
-7.859999999999999;	-7.830000000000002;	96
-7.830000000000002;	-7.800000000000001;	92
-7.800000000000001;	-7.77;	83
-7.77;	-7.740000000000002;	100
-7.740000000000002;	-7.710000000000001;	95
-7.710000000000001;	-7.68;	120
-7.68;	-7.650000000000002;	118
-7.650000000000002;	-7.620000000000001;	144
-7.620000000000001;	-7.59;	143
-7.59;	-7.560000000000002;	146
-7.560000000000002;	-7.530000000000001;	150
-7.530000000000001;	-7.5;	167
-7.5;	-7.470000000000002;	175
-7.470000000000002;	-7.440000000000001;	197
-7.440000000000001;	-7.41;	218
-7.41;	-7.380000000000003;	208
-7.380000000000003;	-7.350000000000001;	224
-7.350000000000001;	-7.32;	245
-7.32;	-7.289999999999999;	242
-7.289999999999999;	-7.260000000000002;	263
-7.260000000000002;	-7.23;	257
-7.23;	-7.199999999999999;	315
-7.199999999999999;	-7.170000000000002;	325
-7.170000000000002;	-7.140000000000001;	350
-7.140000000000001;	-7.109999999999999;	347
-7.109999999999999;	-7.080000000000002;	367
-7.080000000000002;	-7.050000000000001;	402
-7.050000000000001;	-7.02;	427
-7.02;	-6.990000000000002;	510
-6.990000000000002;	-6.960000000000001;	425
-6.960000000000001;	-6.93;	507
-6.93;	-6.900000000000002;	550
-6.900000000000002;	-6.870000000000001;	532
-6.870000000000001;	-6.84;	589
-6.84;	-6.810000000000002;	669
-6.810000000000002;	-6.780000000000001;	675
-6.780000000000001;	-6.75;	701
-6.75;	-6.720000000000002;	692
-6.720000000000002;	-6.690000000000001;	783
-6.690000000000001;	-6.66;	796
-6.66;	-6.630000000000003;	893
-6.630000000000003;	-6.600000000000001;	937
-6.600000000000001;	-6.57;	952
-6.57;	-6.539999999999999;	1111
-6.539999999999999;	-6.510000000000002;	1104
-6.510000000000002;	-6.48;	1177
-6.48;	-6.449999999999999;	1213
-6.449999999999999;	-6.420000000000002;	1294
-6.420000000000002;	-6.390000000000001;	1364
-6.390000000000001;	-6.359999999999999;	1463
-6.359999999999999;	-6.330000000000002;	1545
-6.330000000000002;	-6.300000000000001;	1661
-6.300000000000001;	-6.27;	1691
-6.27;	-6.240000000000002;	1851
-6.240000000000002;	-6.210000000000001;	1894
-6.210000000000001;	-6.18;	2094
-6.18;	-6.150000000000002;	2084
-6.150000000000002;	-6.120000000000001;	2210
-6.120000000000001;	-6.09;	2396
-6.09;	-6.060000000000002;	2576
-6.060000000000002;	-6.030000000000001;	2843
-6.030000000000001;	-6;	2905
-6;	-5.970000000000002;	3125
-5.970000000000002;	-5.940000000000001;	3249
-5.940000000000001;	-5.91;	3350
-5.91;	-5.880000000000003;	3646
-5.880000000000003;	-5.850000000000001;	3935
-5.850000000000001;	-5.82;	4148
-5.82;	-5.789999999999999;	4514
-5.789999999999999;	-5.760000000000002;	4432
-5.760000000000002;	-5.73;	4813
-5.73;	-5.699999999999999;	5128
-5.699999999999999;	-5.670000000000002;	5384
-5.670000000000002;	-5.640000000000001;	5741
-5.640000000000001;	-5.609999999999999;	6137
-5.609999999999999;	-5.580000000000002;	6428
-5.580000000000002;	-5.550000000000001;	6786
-5.550000000000001;	-5.52;	7182
-5.52;	-5.490000000000002;	7580
-5.490000000000002;	-5.460000000000001;	7984
-5.460000000000001;	-5.43;	8509
-5.43;	-5.400000000000002;	9029
-5.400000000000002;	-5.370000000000001;	9546
-5.370000000000001;	-5.34;	10095
-5.34;	-5.310000000000002;	10538
-5.310000000000002;	-5.280000000000001;	11181
-5.280000000000001;	-5.25;	11914
-5.25;	-5.220000000000002;	12612
-5.220000000000002;	-5.190000000000001;	13336
-5.190000000000001;	-5.16;	14015
-5.16;	-5.130000000000003;	14786
-5.130000000000003;	-5.100000000000001;	15603
-5.100000000000001;	-5.07;	16624
-5.07;	-5.039999999999999;	17362
-5.039999999999999;	-5.010000000000002;	18569
-5.010000000000002;	-4.98;	19432
-4.98;	-4.949999999999999;	20598
-4.949999999999999;	-4.920000000000002;	21542
-4.920000000000002;	-4.890000000000001;	23023
-4.890000000000001;	-4.859999999999999;	24373
-4.859999999999999;	-4.830000000000002;	26082
-4.830000000000002;	-4.800000000000001;	27064
-4.800000000000001;	-4.77;	28525
-4.77;	-4.740000000000002;	30118
-4.740000000000002;	-4.710000000000001;	31659
-4.710000000000001;	-4.68;	33385
-4.68;	-4.650000000000002;	35663
-4.650000000000002;	-4.620000000000001;	37114
-4.620000000000001;	-4.59;	39405
-4.59;	-4.560000000000002;	41625
-4.560000000000002;	-4.530000000000001;	43676
-4.530000000000001;	-4.5;	46000
-4.5;	-4.470000000000002;	48260
-4.470000000000002;	-4.440000000000001;	51027
-4.440000000000001;	-4.41;	53201
-4.41;	-4.380000000000003;	55760
-4.380000000000003;	-4.350000000000001;	59191
-4.350000000000001;	-4.32;	61995
-4.32;	-4.290000000000003;	64913
-4.290000000000003;	-4.260000000000002;	68269
-4.260000000000002;	-4.23;	71590
-4.23;	-4.199999999999999;	74935
-4.199999999999999;	-4.170000000000002;	78264
-4.170000000000002;	-4.140000000000001;	81881
-4.140000000000001;	-4.109999999999999;	85587
-4.109999999999999;	-4.080000000000002;	88989
-4.080000000000002;	-4.050000000000001;	92142
-4.050000000000001;	-4.02;	95675
-4.02;	-3.990000000000002;	98831
-3.990000000000002;	-3.960000000000001;	103150
-3.960000000000001;	-3.9299999999999997;	107587
-3.9299999999999997;	-3.900000000000002;	110672
-3.900000000000002;	-3.870000000000001;	112858
-3.870000000000001;	-3.84;	115952
-3.84;	-3.8100000000000023;	117167
-3.8100000000000023;	-3.780000000000001;	118159
-3.780000000000001;	-3.75;	118710
-3.75;	-3.7200000000000024;	119094
-3.7200000000000024;	-3.6900000000000013;	119663
-3.6900000000000013;	-3.66;	119618
-3.66;	-3.6300000000000026;	119116
-3.6300000000000026;	-3.6000000000000014;	119541
-3.6000000000000014;	-3.5700000000000003;	120084
-3.5700000000000003;	-3.5400000000000027;	119528
-3.5400000000000027;	-3.5100000000000016;	119979
-3.5100000000000016;	-3.4800000000000004;	119323
-3.4800000000000004;	-3.4499999999999993;	118798
-3.4499999999999993;	-3.4200000000000017;	118498
-3.4200000000000017;	-3.3900000000000006;	119428
-3.3900000000000006;	-3.3599999999999994;	118875
-3.3599999999999994;	-3.330000000000002;	119474
-3.330000000000002;	-3.3000000000000007;	120234
-3.3000000000000007;	-3.2699999999999996;	122478
-3.2699999999999996;	-3.240000000000002;	124190
-3.240000000000002;	-3.210000000000001;	126390
-3.210000000000001;	-3.1799999999999997;	129090
-3.1799999999999997;	-3.150000000000002;	133518
-3.150000000000002;	-3.120000000000001;	137416
-3.120000000000001;	-3.09;	141690
-3.09;	-3.0600000000000023;	147785
-3.0600000000000023;	-3.030000000000001;	152008
-3.030000000000001;	-3;	157945
-3;	-2.9700000000000024;	163797
-2.9700000000000024;	-2.9400000000000013;	169517
-2.9400000000000013;	-2.91;	175996
-2.91;	-2.8800000000000026;	182538
-2.8800000000000026;	-2.8500000000000014;	189929
-2.8500000000000014;	-2.8200000000000003;	197351
-2.8200000000000003;	-2.7900000000000027;	203204
-2.7900000000000027;	-2.7600000000000016;	212163
-2.7600000000000016;	-2.7300000000000004;	220087
-2.7300000000000004;	-2.6999999999999993;	228210
-2.6999999999999993;	-2.6700000000000017;	237702
-2.6700000000000017;	-2.6400000000000006;	245882
-2.6400000000000006;	-2.6099999999999994;	255100
-2.6099999999999994;	-2.580000000000002;	264687
-2.580000000000002;	-2.5500000000000007;	273080
-2.5500000000000007;	-2.5199999999999996;	283254
-2.5199999999999996;	-2.490000000000002;	294281
-2.490000000000002;	-2.460000000000001;	304724
-2.460000000000001;	-2.4299999999999997;	315287
-2.4299999999999997;	-2.400000000000002;	326402
-2.400000000000002;	-2.370000000000001;	337725
-2.370000000000001;	-2.34;	351166
-2.34;	-2.3100000000000023;	363215
-2.3100000000000023;	-2.280000000000001;	374603
-2.280000000000001;	-2.25;	387005
-2.25;	-2.2200000000000024;	400566
-2.2200000000000024;	-2.1900000000000013;	413628
-2.1900000000000013;	-2.16;	426923
-2.16;	-2.1300000000000026;	440497
-2.1300000000000026;	-2.1000000000000014;	455005
-2.1000000000000014;	-2.0700000000000003;	469082
-2.0700000000000003;	-2.0400000000000027;	483536
-2.0400000000000027;	-2.0100000000000016;	497908
-2.0100000000000016;	-1.9800000000000004;	511917
-1.9800000000000004;	-1.9499999999999993;	527876
-1.9499999999999993;	-1.9200000000000017;	544227
-1.9200000000000017;	-1.8900000000000006;	557991
-1.8900000000000006;	-1.8599999999999994;	573096
-1.8599999999999994;	-1.8300000000000018;	590166
-1.8300000000000018;	-1.8000000000000007;	604893
-1.8000000000000007;	-1.7699999999999996;	620578
-1.7699999999999996;	-1.740000000000002;	635862
-1.740000000000002;	-1.7100000000000009;	651419
-1.7100000000000009;	-1.6799999999999997;	667056
-1.6799999999999997;	-1.6500000000000021;	682964
-1.6500000000000021;	-1.620000000000001;	698956
-1.620000000000001;	-1.5899999999999999;	714358
-1.5899999999999999;	-1.5600000000000023;	730556
-1.5600000000000023;	-1.5300000000000011;	745286
-1.5300000000000011;	-1.5;	760471
-1.5;	-1.4700000000000024;	775117
-1.4700000000000024;	-1.4400000000000013;	790538
-1.4400000000000013;	-1.4100000000000001;	806986
-1.4100000000000001;	-1.3800000000000026;	821900
-1.3800000000000026;	-1.3500000000000014;	837075
-1.3500000000000014;	-1.3200000000000003;	851005
-1.3200000000000003;	-1.2900000000000027;	864319
-1.2900000000000027;	-1.2600000000000016;	879559
-1.2600000000000016;	-1.2300000000000004;	892331
-1.2300000000000004;	-1.2000000000000028;	907522
-1.2000000000000028;	-1.1700000000000017;	919475
-1.1700000000000017;	-1.1400000000000006;	931524
-1.1400000000000006;	-1.1099999999999994;	946880
-1.1099999999999994;	-1.0800000000000018;	956736
-1.0800000000000018;	-1.0500000000000007;	968051
-1.0500000000000007;	-1.0199999999999996;	980746
-1.0199999999999996;	-0.990000000000002;	990368
-0.990000000000002;	-0.9600000000000009;	1002801
-0.9600000000000009;	-0.9299999999999997;	1014061
-0.9299999999999997;	-0.9000000000000021;	1023276
-0.9000000000000021;	-0.870000000000001;	1031643
-0.870000000000001;	-0.8399999999999999;	1040165
-0.8399999999999999;	-0.8100000000000023;	1050118
-0.8100000000000023;	-0.7800000000000011;	1057208
-0.7800000000000011;	-0.75;	1066110
-0.75;	-0.7200000000000024;	1074523
-0.7200000000000024;	-0.6900000000000013;	1080218
-0.6900000000000013;	-0.6600000000000001;	1086180
-0.6600000000000001;	-0.6300000000000026;	1092371
-0.6300000000000026;	-0.6000000000000014;	1097436
-0.6000000000000014;	-0.5700000000000003;	1105470
-0.5700000000000003;	-0.5400000000000027;	1109805
-0.5400000000000027;	-0.5100000000000016;	1114571
-0.5100000000000016;	-0.4800000000000004;	1121265
-0.4800000000000004;	-0.45000000000000284;	1122454
-0.45000000000000284;	-0.4200000000000017;	1128627
-0.4200000000000017;	-0.39000000000000057;	1133296
-0.39000000000000057;	-0.35999999999999943;	1136447
-0.35999999999999943;	-0.33000000000000185;	1140312
-0.33000000000000185;	-0.3000000000000007;	1141599
-0.3000000000000007;	-0.2699999999999996;	1146090
-0.2699999999999996;	-0.240000000000002;	1146809
-0.240000000000002;	-0.21000000000000085;	1149411
-0.21000000000000085;	-0.17999999999999972;	1151029
-0.17999999999999972;	-0.15000000000000213;	1152174
-0.15000000000000213;	-0.120000000000001;	1153581
-0.120000000000001;	-0.08999999999999986;	1155337
-0.08999999999999986;	-0.060000000000002274;	1154305
-0.060000000000002274;	-0.030000000000001137;	1156355
-0.030000000000001137;	0;	1156930
0;	0.029999999999997584;	1156152
0.029999999999997584;	0.05999999999999872;	1157408
0.05999999999999872;	0.08999999999999986;	1155007
0.08999999999999986;	0.11999999999999744;	1157333
0.11999999999999744;	0.14999999999999858;	1155984
0.14999999999999858;	0.17999999999999972;	1155693
0.17999999999999972;	0.2099999999999973;	1152808
0.2099999999999973;	0.23999999999999844;	1151857
0.23999999999999844;	0.2699999999999996;	1149782
0.2699999999999996;	0.29999999999999716;	1148287
0.29999999999999716;	0.3299999999999983;	1147955
0.3299999999999983;	0.35999999999999943;	1145531
0.35999999999999943;	0.39000000000000057;	1143523
0.39000000000000057;	0.41999999999999815;	1138634
0.41999999999999815;	0.4499999999999993;	1134920
0.4499999999999993;	0.4800000000000004;	1130577
0.4800000000000004;	0.509999999999998;	1129256
0.509999999999998;	0.5399999999999991;	1124074
0.5399999999999991;	0.5700000000000003;	1121208
0.5700000000000003;	0.5999999999999979;	1115825
0.5999999999999979;	0.629999999999999;	1110540
0.629999999999999;	0.6600000000000001;	1104747
0.6600000000000001;	0.6899999999999977;	1101689
0.6899999999999977;	0.7199999999999989;	1090369
0.7199999999999989;	0.75;	1088144
0.75;	0.7799999999999976;	1078669
0.7799999999999976;	0.8099999999999987;	1072097
0.8099999999999987;	0.8399999999999999;	1062960
0.8399999999999999;	0.8699999999999974;	1056361
0.8699999999999974;	0.8999999999999986;	1048271
0.8999999999999986;	0.9299999999999997;	1038803
0.9299999999999997;	0.9599999999999973;	1030283
0.9599999999999973;	0.9899999999999984;	1022071
0.9899999999999984;	1.0199999999999996;	1009714
1.0199999999999996;	1.0499999999999972;	1001217
1.0499999999999972;	1.0799999999999983;	989391
1.0799999999999983;	1.1099999999999994;	980376
1.1099999999999994;	1.1400000000000006;	968757
1.1400000000000006;	1.1699999999999982;	955254
1.1699999999999982;	1.1999999999999993;	943355
1.1999999999999993;	1.2300000000000004;	932263
1.2300000000000004;	1.259999999999998;	919375
1.259999999999998;	1.2899999999999991;	905880
1.2899999999999991;	1.3200000000000003;	894999
1.3200000000000003;	1.3499999999999979;	878838
1.3499999999999979;	1.379999999999999;	863905
1.379999999999999;	1.4100000000000001;	849965
1.4100000000000001;	1.4399999999999977;	836117
1.4399999999999977;	1.4699999999999989;	821531
1.4699999999999989;	1.5;	807086
1.5;	1.5299999999999976;	790267
1.5299999999999976;	1.5599999999999987;	777641
1.5599999999999987;	1.5899999999999999;	760193
1.5899999999999999;	1.6199999999999974;	745227
1.6199999999999974;	1.6499999999999986;	731428
1.6499999999999986;	1.6799999999999997;	714419
1.6799999999999997;	1.7099999999999973;	699216
1.7099999999999973;	1.7399999999999984;	683557
1.7399999999999984;	1.7699999999999996;	666987
1.7699999999999996;	1.7999999999999972;	652663
1.7999999999999972;	1.8299999999999983;	634800
1.8299999999999983;	1.8599999999999994;	620507
1.8599999999999994;	1.8900000000000006;	605307
1.8900000000000006;	1.9199999999999982;	590619
1.9199999999999982;	1.9499999999999993;	573552
1.9499999999999993;	1.9800000000000004;	558674
1.9800000000000004;	2.009999999999998;	543122
2.009999999999998;	2.039999999999999;	528461
2.039999999999999;	2.0700000000000003;	512216
2.0700000000000003;	2.1000000000000014;	498562
2.1000000000000014;	2.1299999999999955;	484040
2.1299999999999955;	2.1599999999999966;	467387
2.1599999999999966;	2.1899999999999977;	454932
2.1899999999999977;	2.219999999999999;	439198
2.219999999999999;	2.25;	427852
2.25;	2.280000000000001;	413239
2.280000000000001;	2.3100000000000023;	399767
2.3100000000000023;	2.3399999999999963;	387458
2.3399999999999963;	2.3699999999999974;	375105
2.3699999999999974;	2.3999999999999986;	361117
2.3999999999999986;	2.4299999999999997;	350768
2.4299999999999997;	2.460000000000001;	338700
2.460000000000001;	2.490000000000002;	326601
2.490000000000002;	2.519999999999996;	315038
2.519999999999996;	2.549999999999997;	304025
2.549999999999997;	2.5799999999999983;	294613
2.5799999999999983;	2.6099999999999994;	284559
2.6099999999999994;	2.6400000000000006;	273281
2.6400000000000006;	2.6700000000000017;	263617
2.6700000000000017;	2.6999999999999957;	255606
2.6999999999999957;	2.729999999999997;	245696
2.729999999999997;	2.759999999999998;	237008
2.759999999999998;	2.789999999999999;	227813
2.789999999999999;	2.8200000000000003;	219366
2.8200000000000003;	2.8500000000000014;	211886
2.8500000000000014;	2.8799999999999955;	204314
2.8799999999999955;	2.9099999999999966;	196691
2.9099999999999966;	2.9399999999999977;	188878
2.9399999999999977;	2.969999999999999;	182918
2.969999999999999;	3;	177460
3;	3.030000000000001;	170212
3.030000000000001;	3.0600000000000023;	163610
3.0600000000000023;	3.0899999999999963;	158459
3.0899999999999963;	3.1199999999999974;	153120
3.1199999999999974;	3.1499999999999986;	147335
3.1499999999999986;	3.1799999999999997;	141985
3.1799999999999997;	3.210000000000001;	137762
3.210000000000001;	3.240000000000002;	133594
3.240000000000002;	3.269999999999996;	130548
3.269999999999996;	3.299999999999997;	126797
3.299999999999997;	3.3299999999999983;	123950
3.3299999999999983;	3.3599999999999994;	122583
3.3599999999999994;	3.3900000000000006;	120710
3.3900000000000006;	3.4200000000000017;	119808
3.4200000000000017;	3.4499999999999957;	118797
3.4499999999999957;	3.479999999999997;	118998
3.479999999999997;	3.509999999999998;	119814
3.509999999999998;	3.539999999999999;	118691
3.539999999999999;	3.5700000000000003;	119197
3.5700000000000003;	3.6000000000000014;	118893
3.6000000000000014;	3.6299999999999955;	119401
3.6299999999999955;	3.6599999999999966;	119243
3.6599999999999966;	3.6899999999999977;	120534
3.6899999999999977;	3.719999999999999;	119350
3.719999999999999;	3.75;	119356
3.75;	3.780000000000001;	119011
3.780000000000001;	3.8100000000000023;	119865
3.8100000000000023;	3.8399999999999963;	118860
3.8399999999999963;	3.8699999999999974;	119051
3.8699999999999974;	3.8999999999999986;	116766
3.8999999999999986;	3.9299999999999997;	115939
3.9299999999999997;	3.960000000000001;	113130
3.960000000000001;	3.990000000000002;	109905
3.990000000000002;	4.019999999999996;	107224
4.019999999999996;	4.049999999999997;	103876
4.049999999999997;	4.079999999999998;	99580
4.079999999999998;	4.109999999999999;	96016
4.109999999999999;	4.140000000000001;	93003
4.140000000000001;	4.170000000000002;	88448
4.170000000000002;	4.199999999999996;	85707
4.199999999999996;	4.229999999999997;	81736
4.229999999999997;	4.259999999999998;	78070
4.259999999999998;	4.289999999999999;	74726
4.289999999999999;	4.32;	71507
4.32;	4.350000000000001;	67361
4.350000000000001;	4.3799999999999955;	64729
4.3799999999999955;	4.409999999999997;	61393
4.409999999999997;	4.439999999999998;	59401
4.439999999999998;	4.469999999999999;	55771
4.469999999999999;	4.5;	53474
4.5;	4.530000000000001;	51261
4.530000000000001;	4.560000000000002;	47695
4.560000000000002;	4.589999999999996;	45298
4.589999999999996;	4.619999999999997;	43751
4.619999999999997;	4.649999999999999;	41720
4.649999999999999;	4.68;	39645
4.68;	4.710000000000001;	37022
4.710000000000001;	4.740000000000002;	35220
4.740000000000002;	4.769999999999996;	33489
4.769999999999996;	4.799999999999997;	31784
4.799999999999997;	4.829999999999998;	29857
4.829999999999998;	4.859999999999999;	28356
4.859999999999999;	4.890000000000001;	27124
4.890000000000001;	4.920000000000002;	25540
4.920000000000002;	4.949999999999996;	24243
4.949999999999996;	4.979999999999997;	23094
4.979999999999997;	5.009999999999998;	21825
5.009999999999998;	5.039999999999999;	20595
5.039999999999999;	5.07;	19572
5.07;	5.100000000000001;	18057
5.100000000000001;	5.1299999999999955;	17297
5.1299999999999955;	5.159999999999997;	16549
5.159999999999997;	5.189999999999998;	15700
5.189999999999998;	5.219999999999999;	14687
5.219999999999999;	5.25;	14156
5.25;	5.280000000000001;	13277
5.280000000000001;	5.309999999999995;	12404
5.309999999999995;	5.339999999999996;	11636
5.339999999999996;	5.369999999999997;	10974
5.369999999999997;	5.399999999999999;	10442
5.399999999999999;	5.43;	10087
5.43;	5.460000000000001;	9638
5.460000000000001;	5.490000000000002;	8906
5.490000000000002;	5.519999999999996;	8456
5.519999999999996;	5.549999999999997;	8086
5.549999999999997;	5.579999999999998;	7546
5.579999999999998;	5.609999999999999;	7116
5.609999999999999;	5.640000000000001;	6784
5.640000000000001;	5.670000000000002;	6384
5.670000000000002;	5.699999999999996;	6030
5.699999999999996;	5.729999999999997;	5841
5.729999999999997;	5.759999999999998;	5362
5.759999999999998;	5.789999999999999;	5112
5.789999999999999;	5.82;	4852
5.82;	5.850000000000001;	4631
5.850000000000001;	5.8799999999999955;	4313
5.8799999999999955;	5.909999999999997;	4037
5.909999999999997;	5.939999999999998;	3790
5.939999999999998;	5.969999999999999;	3674
5.969999999999999;	6;	3406
6;	6.030000000000001;	3250
6.030000000000001;	6.059999999999995;	3159
6.059999999999995;	6.089999999999996;	2889
6.089999999999996;	6.119999999999997;	2831
6.119999999999997;	6.149999999999999;	2653
6.149999999999999;	6.18;	2499
6.18;	6.210000000000001;	2270
6.210000000000001;	6.240000000000002;	2236
6.240000000000002;	6.269999999999996;	2010
6.269999999999996;	6.299999999999997;	1967
6.299999999999997;	6.329999999999998;	1806
6.329999999999998;	6.359999999999999;	1788
6.359999999999999;	6.390000000000001;	1590
6.390000000000001;	6.420000000000002;	1617
6.420000000000002;	6.449999999999996;	1480
6.449999999999996;	6.479999999999997;	1415
6.479999999999997;	6.509999999999998;	1279
6.509999999999998;	6.539999999999999;	1256
6.539999999999999;	6.57;	1199
6.57;	6.600000000000001;	1061
6.600000000000001;	6.6299999999999955;	1034
6.6299999999999955;	6.659999999999997;	994
6.659999999999997;	6.689999999999998;	957
6.689999999999998;	6.719999999999999;	876
6.719999999999999;	6.75;	813
6.75;	6.780000000000001;	810
6.780000000000001;	6.809999999999995;	717
6.809999999999995;	6.839999999999996;	740
6.839999999999996;	6.869999999999997;	664
6.869999999999997;	6.899999999999999;	589
6.899999999999999;	6.93;	623
6.93;	6.960000000000001;	606
6.960000000000001;	6.990000000000002;	517
6.990000000000002;	7.019999999999996;	505
7.019999999999996;	7.049999999999997;	438
7.049999999999997;	7.079999999999998;	440
7.079999999999998;	7.109999999999999;	443
7.109999999999999;	7.140000000000001;	356
7.140000000000001;	7.170000000000002;	374
7.170000000000002;	7.199999999999996;	387
7.199999999999996;	7.229999999999997;	354
7.229999999999997;	7.259999999999998;	297
7.259999999999998;	7.289999999999999;	278
7.289999999999999;	7.32;	287
7.32;	7.350000000000001;	263
7.350000000000001;	7.3799999999999955;	248
7.3799999999999955;	7.409999999999997;	247
7.409999999999997;	7.439999999999998;	223
7.439999999999998;	7.469999999999999;	190
7.469999999999999;	7.5;	191
7.5;	7.530000000000001;	158
7.530000000000001;	7.559999999999995;	171
7.559999999999995;	7.589999999999996;	147
7.589999999999996;	7.619999999999997;	161
7.619999999999997;	7.649999999999999;	158
7.649999999999999;	7.68;	147
7.68;	7.710000000000001;	135
7.710000000000001;	7.740000000000002;	132
7.740000000000002;	7.769999999999996;	122
7.769999999999996;	7.799999999999997;	93
7.799999999999997;	7.829999999999998;	100
7.829999999999998;	7.859999999999999;	82
7.859999999999999;	7.890000000000001;	85
7.890000000000001;	7.920000000000002;	80
7.920000000000002;	7.949999999999996;	84
7.949999999999996;	7.979999999999997;	76
7.979999999999997;	8.009999999999998;	58
8.009999999999998;	8.04;	71
8.04;	8.07;	80
8.07;	8.100000000000001;	59
8.100000000000001;	8.129999999999995;	63
8.129999999999995;	8.159999999999997;	49
8.159999999999997;	8.189999999999998;	67
8.189999999999998;	8.219999999999999;	36
8.219999999999999;	8.25;	52
8.25;	8.280000000000001;	47
8.280000000000001;	8.309999999999995;	52
8.309999999999995;	8.339999999999996;	38
8.339999999999996;	8.369999999999997;	38
8.369999999999997;	8.399999999999999;	25
8.399999999999999;	8.43;	35
8.43;	8.46;	27
8.46;	8.490000000000002;	30
8.490000000000002;	8.519999999999996;	27
8.519999999999996;	8.549999999999997;	22
8.549999999999997;	8.579999999999998;	15
8.579999999999998;	8.61;	27
8.61;	8.64;	23
8.64;	8.670000000000002;	16
8.670000000000002;	8.699999999999996;	14
8.699999999999996;	8.729999999999997;	11
8.729999999999997;	8.759999999999998;	14
8.759999999999998;	8.79;	12
8.79;	8.82;	19
8.82;	8.850000000000001;	17
8.850000000000001;	8.879999999999995;	8
8.879999999999995;	8.909999999999997;	12
8.909999999999997;	8.939999999999998;	16
8.939999999999998;	8.969999999999999;	5
8.969999999999999;	9;	14
9;	9.030000000000001;	9
9.030000000000001;	9.059999999999995;	8
9.059999999999995;	9.089999999999996;	8
9.089999999999996;	9.119999999999997;	7
9.119999999999997;	9.149999999999999;	3
9.149999999999999;	9.18;	5
9.18;	9.21;	6
9.21;	9.240000000000002;	6
9.240000000000002;	9.269999999999996;	2
9.269999999999996;	9.299999999999997;	6
9.299999999999997;	9.329999999999998;	10
9.329999999999998;	9.36;	2
9.36;	9.39;	4
9.39;	9.420000000000002;	4
9.420000000000002;	9.449999999999996;	4
9.449999999999996;	9.479999999999997;	3
9.479999999999997;	9.509999999999998;	3
9.509999999999998;	9.54;	2
9.54;	9.57;	3
9.57;	9.600000000000001;	1
9.600000000000001;	9.629999999999995;	4
9.629999999999995;	9.659999999999997;	6
9.659999999999997;	9.689999999999998;	4
9.689999999999998;	9.719999999999999;	1
9.719999999999999;	9.75;	2
9.75;	9.780000000000001;	5
9.780000000000001;	9.809999999999995;	12
9.809999999999995;	9.839999999999996;	2
9.839999999999996;	9.869999999999997;	10
9.869999999999997;	9.899999999999999;	3
9.899999999999999;	9.93;	1
9.93;	9.96;	4
9.96;	9.990000000000002;	2
9.990000000000002;	10.019999999999996;	2
10.019999999999996;	10.049999999999997;	0
10.049999999999997;	10.079999999999998;	1
10.079999999999998;	10.11;	1
10.11;	10.14;	1
10.14;	10.170000000000002;	6
10.170000000000002;	10.199999999999996;	1
10.199999999999996;	10.229999999999997;	2
10.229999999999997;	10.259999999999998;	2
10.259999999999998;	10.29;	1
10.29;	10.32;	0
10.32;	10.350000000000001;	0
10.350000000000001;	10.379999999999995;	1
10.379999999999995;	10.409999999999997;	2
10.409999999999997;	10.439999999999998;	1
10.439999999999998;	10.469999999999999;	0
10.469999999999999;	10.5;	2
10.5;	10.530000000000001;	0
10.530000000000001;	10.559999999999995;	4
10.559999999999995;	10.589999999999996;	1
10.589999999999996;	10.619999999999997;	1
10.619999999999997;	10.649999999999999;	0
10.649999999999999;	10.68;	0
10.68;	10.71;	0
10.71;	10.740000000000002;	0
10.740000000000002;	10.769999999999996;	0
10.769999999999996;	10.799999999999997;	3
10.799999999999997;	10.829999999999998;	0
10.829999999999998;	10.86;	1
10.86;	10.89;	0
10.89;	10.920000000000002;	0
10.920000000000002;	10.949999999999996;	1
10.949999999999996;	10.979999999999997;	0
10.979999999999997;	11.009999999999998;	2
11.009999999999998;	11.04;	0
11.04;	11.07;	0
11.07;	11.100000000000001;	2
11.100000000000001;	11.129999999999995;	0
11.129999999999995;	11.159999999999997;	0
11.159999999999997;	11.189999999999998;	0
11.189999999999998;	11.219999999999999;	0
11.219999999999999;	11.25;	0
11.25;	11.280000000000001;	0
11.280000000000001;	11.309999999999995;	1
11.309999999999995;	11.339999999999996;	1
11.339999999999996;	11.369999999999997;	0
11.369999999999997;	11.399999999999999;	1
11.399999999999999;	11.43;	0
11.43;	11.46;	0
11.46;	11.490000000000002;	0
11.490000000000002;	11.519999999999996;	0
11.519999999999996;	11.549999999999997;	0
11.549999999999997;	11.579999999999998;	0
11.579999999999998;	11.61;	1
11.61;	11.64;	0
11.64;	11.670000000000002;	0
11.670000000000002;	11.699999999999996;	1
11.699999999999996;	11.729999999999997;	0
11.729999999999997;	11.759999999999998;	0
11.759999999999998;	11.79;	0
11.79;	11.82;	0
11.82;	11.850000000000001;	1
11.850000000000001;	11.879999999999995;	0
11.879999999999995;	11.909999999999997;	0
11.909999999999997;	11.939999999999998;	0
11.939999999999998;	11.969999999999999;	1
11.969999999999999;	12;	0
12;	12.030000000000001;	0
12.030000000000001;	12.059999999999995;	0
12.059999999999995;	12.089999999999996;	0
12.089999999999996;	12.119999999999997;	0
12.119999999999997;	12.149999999999999;	0
12.149999999999999;	12.18;	0
12.18;	12.21;	0
12.21;	12.239999999999995;	0
12.239999999999995;	12.269999999999996;	0
12.269999999999996;	12.299999999999997;	0
12.299999999999997;	12.329999999999998;	0
12.329999999999998;	12.36;	0
12.36;	12.39;	0
12.39;	12.420000000000002;	0
12.420000000000002;	12.449999999999996;	0
12.449999999999996;	12.479999999999997;	0
12.479999999999997;	12.509999999999998;	0
12.509999999999998;	12.54;	0
12.54;	12.57;	0
12.57;	12.600000000000001;	0
12.600000000000001;	12.629999999999995;	0
12.629999999999995;	12.659999999999997;	0
12.659999999999997;	12.689999999999998;	0
12.689999999999998;	12.719999999999999;	0
12.719999999999999;	12.75;	0
12.75;	12.780000000000001;	0
12.780000000000001;	12.809999999999995;	0
12.809999999999995;	12.839999999999996;	0
12.839999999999996;	12.869999999999997;	0
12.869999999999997;	12.899999999999999;	0
12.899999999999999;	12.93;	0
12.93;	12.96;	0
12.96;	12.989999999999995;	0
12.989999999999995;	13.019999999999996;	0
13.019999999999996;	13.049999999999997;	0
13.049999999999997;	13.079999999999998;	0
13.079999999999998;	13.11;	0
13.11;	13.14;	0
13.14;	13.170000000000002;	0
13.170000000000002;	13.199999999999996;	0
13.199999999999996;	13.229999999999997;	0
13.229999999999997;	13.259999999999998;	0
13.259999999999998;	13.29;	0
13.29;	13.32;	0
13.32;	13.350000000000001;	0
13.350000000000001;	13.379999999999995;	0
13.379999999999995;	13.409999999999997;	0
13.409999999999997;	13.439999999999998;	0
13.439999999999998;	13.469999999999999;	0
13.469999999999999;	13.5;	0
13.5;	13.530000000000001;	0
13.530000000000001;	13.559999999999995;	0
13.559999999999995;	13.589999999999996;	0
13.589999999999996;	13.619999999999997;	0
13.619999999999997;	13.649999999999999;	0
13.649999999999999;	13.68;	0
13.68;	13.71;	0
13.71;	13.739999999999995;	0
13.739999999999995;	13.769999999999996;	0
13.769999999999996;	13.799999999999997;	0
13.799999999999997;	13.829999999999998;	0
13.829999999999998;	13.86;	0
13.86;	13.89;	0
13.89;	13.920000000000002;	0
13.920000000000002;	13.949999999999996;	0
13.949999999999996;	13.979999999999997;	0
13.979999999999997;	14.009999999999998;	0
14.009999999999998;	14.04;	0
14.04;	14.07;	0
14.07;	14.100000000000001;	0
14.100000000000001;	14.129999999999995;	0
14.129999999999995;	14.159999999999997;	0
14.159999999999997;	14.189999999999998;	0
14.189999999999998;	14.219999999999999;	0
14.219999999999999;	14.25;	0
14.25;	14.280000000000001;	0
14.280000000000001;	14.309999999999995;	0
14.309999999999995;	14.339999999999996;	0
14.339999999999996;	14.369999999999997;	0
14.369999999999997;	14.399999999999999;	0
14.399999999999999;	14.43;	0
14.43;	14.46;	0
14.46;	14.489999999999995;	0
14.489999999999995;	14.519999999999996;	0
14.519999999999996;	14.549999999999997;	0
14.549999999999997;	14.579999999999998;	0
14.579999999999998;	14.61;	0
14.61;	14.64;	0
14.64;	14.670000000000002;	0
14.670000000000002;	14.699999999999996;	0
14.699999999999996;	14.729999999999997;	0
14.729999999999997;	14.759999999999998;	0
14.759999999999998;	14.79;	0
14.79;	14.82;	0
14.82;	14.850000000000001;	0
14.850000000000001;	14.879999999999995;	0
14.879999999999995;	14.909999999999997;	0
14.909999999999997;	14.939999999999998;	0
14.939999999999998;	14.969999999999999;	0
14.969999999999999;	15;	0
15;	15.030000000000001;	0
15.030000000000001;	15.059999999999995;	0
15.059999999999995;	15.089999999999996;	0
15.089999999999996;	15.119999999999997;	0
15.119999999999997;	15.149999999999999;	0
15.149999999999999;	15.18;	0
15.18;	15.21;	0
15.21;	15.239999999999995;	0
15.239999999999995;	15.269999999999996;	0
15.269999999999996;	15.299999999999997;	0
15.299999999999997;	15.329999999999998;	0
15.329999999999998;	15.36;	0
15.36;	15.39;	0
15.39;	15.420000000000002;	0
15.420000000000002;	15.449999999999996;	0
15.449999999999996;	15.479999999999997;	0
15.479999999999997;	15.509999999999998;	0
15.509999999999998;	15.54;	0
15.54;	15.57;	0
15.57;	15.600000000000001;	0
15.600000000000001;	15.629999999999995;	0
15.629999999999995;	15.659999999999997;	0
15.659999999999997;	15.689999999999998;	0
15.689999999999998;	15.719999999999999;	0
15.719999999999999;	15.75;	0
15.75;	15.780000000000001;	0
15.780000000000001;	15.809999999999995;	0
15.809999999999995;	15.839999999999996;	0
15.839999999999996;	15.869999999999997;	0
15.869999999999997;	15.899999999999999;	0
15.899999999999999;	15.93;	0
15.93;	15.96;	0
15.96;	15.989999999999995;	0
15.989999999999995;	16.019999999999996;	0
16.019999999999996;	16.049999999999997;	0
16.049999999999997;	16.08;	0
16.08;	16.11;	0
16.11;	16.14;	0
16.14;	16.17;	0
16.17;	16.199999999999996;	0
16.199999999999996;	16.229999999999997;	0
16.229999999999997;	16.259999999999998;	0
16.259999999999998;	16.29;	0
16.29;	16.32;	0
16.32;	16.35;	0
16.35;	16.379999999999995;	0
16.379999999999995;	16.409999999999997;	0
16.409999999999997;	16.439999999999998;	0
16.439999999999998;	16.47;	0
16.47;	16.5;	0
16.5;	16.53;	0
16.53;	16.559999999999995;	0
16.559999999999995;	16.589999999999996;	0
16.589999999999996;	16.619999999999997;	0
16.619999999999997;	16.65;	0
16.65;	16.68;	0
16.68;	16.71;	0
16.71;	16.739999999999995;	0
16.739999999999995;	16.769999999999996;	0
16.769999999999996;	16.799999999999997;	0
16.799999999999997;	16.83;	0
16.83;	16.86;	0
16.86;	16.89;	0
16.89;	16.92;	0
16.92;	16.949999999999996;	0
16.949999999999996;	16.979999999999997;	0
16.979999999999997;	17.009999999999998;	0
17.009999999999998;	17.04;	0
17.04;	17.07;	0
17.07;	17.1;	0
17.1;	17.129999999999995;	0
17.129999999999995;	17.159999999999997;	0
17.159999999999997;	17.189999999999998;	0
17.189999999999998;	17.22;	0
17.22;	17.25;	0
17.25;	17.28;	0
17.28;	17.309999999999995;	0
17.309999999999995;	17.339999999999996;	0
17.339999999999996;	17.369999999999997;	0
17.369999999999997;	17.4;	0
17.4;	17.43;	0
17.43;	17.46;	0
17.46;	17.489999999999995;	0
17.489999999999995;	17.519999999999996;	0
17.519999999999996;	17.549999999999997;	0
17.549999999999997;	17.58;	0
17.58;	17.61;	0
17.61;	17.64;	0
17.64;	17.67;	0
17.67;	17.699999999999996;	0
17.699999999999996;	17.729999999999997;	0
17.729999999999997;	17.759999999999998;	0
17.759999999999998;	17.79;	0
17.79;	17.82;	0
17.82;	17.85;	0
17.85;	17.879999999999995;	0
17.879999999999995;	17.909999999999997;	0
17.909999999999997;	17.939999999999998;	0
17.939999999999998;	17.97;	0
17.97;	18;	0
18;	18.03;	0
18.03;	18.059999999999995;	0
18.059999999999995;	18.089999999999996;	0
18.089999999999996;	18.119999999999997;	0
18.119999999999997;	18.15;	0
18.15;	18.18;	0
18.18;	18.21;	0
18.21;	18.239999999999995;	0
18.239999999999995;	18.269999999999996;	0
18.269999999999996;	18.299999999999997;	0
18.299999999999997;	18.33;	0
18.33;	18.36;	0
18.36;	18.39;	0
18.39;	18.42;	0
18.42;	18.449999999999996;	0
18.449999999999996;	18.479999999999997;	0
18.479999999999997;	18.509999999999998;	0
18.509999999999998;	18.54;	0
18.54;	18.57;	0
18.57;	18.6;	0
18.6;	18.629999999999995;	0
18.629999999999995;	18.659999999999997;	0
18.659999999999997;	18.689999999999998;	0
18.689999999999998;	18.72;	0
18.72;	18.75;	0
18.75;	18.78;	0
18.78;	18.809999999999995;	0
18.809999999999995;	18.839999999999996;	0
18.839999999999996;	18.869999999999997;	0
18.869999999999997;	18.9;	0
18.9;	18.93;	0
18.93;	18.96;	0
18.96;	18.989999999999995;	0
18.989999999999995;	19.019999999999996;	0
19.019999999999996;	19.049999999999997;	0
19.049999999999997;	19.08;	0
19.08;	19.11;	0
19.11;	19.14;	0
19.14;	19.17;	0
19.17;	19.199999999999996;	0
19.199999999999996;	19.229999999999997;	0
19.229999999999997;	19.259999999999998;	0
19.259999999999998;	19.29;	0
19.29;	19.32;	0
19.32;	19.35;	0
19.35;	19.379999999999995;	0
19.379999999999995;	19.409999999999997;	0
19.409999999999997;	19.439999999999998;	0
19.439999999999998;	19.47;	0
19.47;	19.5;	0
19.5;	19.53;	0
19.53;	19.559999999999995;	0
19.559999999999995;	19.589999999999996;	0
19.589999999999996;	19.619999999999997;	0
19.619999999999997;	19.65;	0
19.65;	19.68;	0
19.68;	19.71;	0
19.71;	19.739999999999995;	0
19.739999999999995;	19.769999999999996;	0
19.769999999999996;	19.799999999999997;	0
19.799999999999997;	19.83;	0
19.83;	19.86;	0
19.86;	19.89;	0
19.89;	19.92;	0
19.92;	19.949999999999996;	0
19.949999999999996;	19.979999999999997;	0
19.979999999999997;	20.009999999999998;	0
20.009999999999998;	20.04;	0
20.04;	20.07;	0
20.07;	20.1;	0
20.1;	20.129999999999995;	0
20.129999999999995;	20.159999999999997;	0
20.159999999999997;	20.189999999999998;	0
20.189999999999998;	20.22;	0
20.22;	20.25;	0
20.25;	20.28;	0
20.28;	20.309999999999995;	0
20.309999999999995;	20.339999999999996;	0
20.339999999999996;	20.369999999999997;	0
20.369999999999997;	20.4;	0
20.4;	20.43;	0
20.43;	20.46;	0
20.46;	20.489999999999995;	0
20.489999999999995;	20.519999999999996;	0
20.519999999999996;	20.549999999999997;	0
20.549999999999997;	20.58;	0
20.58;	20.61;	0
20.61;	20.64;	0
20.64;	20.669999999999995;	0
20.669999999999995;	20.699999999999996;	0
20.699999999999996;	20.729999999999997;	0
20.729999999999997;	20.759999999999998;	0
20.759999999999998;	20.79;	0
20.79;	20.82;	0
20.82;	20.85;	0
20.85;	20.879999999999995;	0
20.879999999999995;	20.909999999999997;	0
20.909999999999997;	20.939999999999998;	0
20.939999999999998;	20.97;	0
20.97;	21;	0
21;	21.03;	0
21.03;	21.059999999999995;	0
21.059999999999995;	21.089999999999996;	0
21.089999999999996;	21.119999999999997;	0
21.119999999999997;	21.15;	0
21.15;	21.18;	0
21.18;	21.21;	0
21.21;	21.239999999999995;	0
21.239999999999995;	21.269999999999996;	0
21.269999999999996;	21.299999999999997;	0
21.299999999999997;	21.33;	0
21.33;	21.36;	0
21.36;	21.39;	0
21.39;	21.419999999999995;	0
21.419999999999995;	21.449999999999996;	0
21.449999999999996;	21.479999999999997;	0
21.479999999999997;	21.509999999999998;	0
21.509999999999998;	21.54;	0
21.54;	21.57;	0
21.57;	21.6;	0
21.6;	21.629999999999995;	0
21.629999999999995;	21.659999999999997;	0
21.659999999999997;	21.689999999999998;	0
21.689999999999998;	21.72;	0
21.72;	21.75;	0
21.75;	21.78;	0
21.78;	21.809999999999995;	0
21.809999999999995;	21.839999999999996;	0
21.839999999999996;	21.869999999999997;	0
21.869999999999997;	21.9;	0
21.9;	21.93;	0
21.93;	21.96;	0
21.96;	21.989999999999995;	0
21.989999999999995;	22.019999999999996;	0
22.019999999999996;	22.049999999999997;	0
22.049999999999997;	22.08;	0
22.08;	22.11;	0
22.11;	22.14;	0
22.14;	22.169999999999995;	0
22.169999999999995;	22.199999999999996;	0
22.199999999999996;	22.229999999999997;	0
22.229999999999997;	22.259999999999998;	0
22.259999999999998;	22.29;	0
22.29;	22.32;	0
22.32;	22.35;	0
22.35;	22.379999999999995;	0
22.379999999999995;	22.409999999999997;	0
22.409999999999997;	22.439999999999998;	0
22.439999999999998;	22.47;	0
22.47;	22.5;	0
22.5;	22.53;	0
22.53;	22.559999999999995;	0
22.559999999999995;	22.589999999999996;	0
22.589999999999996;	22.619999999999997;	0
22.619999999999997;	22.65;	0
22.65;	22.68;	0
22.68;	22.71;	0
22.71;	22.739999999999995;	0
22.739999999999995;	22.769999999999996;	0
22.769999999999996;	22.799999999999997;	0
22.799999999999997;	22.83;	0
22.83;	22.86;	0
22.86;	22.89;	0
22.89;	22.919999999999995;	0
22.919999999999995;	22.949999999999996;	0
22.949999999999996;	22.979999999999997;	0
22.979999999999997;	23.009999999999998;	0
23.009999999999998;	23.04;	0
23.04;	23.07;	0
23.07;	23.1;	0
23.1;	23.129999999999995;	0
23.129999999999995;	23.159999999999997;	0
23.159999999999997;	23.189999999999998;	0
23.189999999999998;	23.22;	0
23.22;	23.25;	0
23.25;	23.28;	0
23.28;	23.309999999999995;	0
23.309999999999995;	23.339999999999996;	0
23.339999999999996;	23.369999999999997;	0
23.369999999999997;	23.4;	0
23.4;	23.43;	0
23.43;	23.46;	0
23.46;	23.489999999999995;	0
23.489999999999995;	23.519999999999996;	0
23.519999999999996;	23.549999999999997;	0
23.549999999999997;	23.58;	0
23.58;	23.61;	0
23.61;	23.64;	0
23.64;	23.669999999999995;	0
23.669999999999995;	23.699999999999996;	0
23.699999999999996;	23.729999999999997;	0
23.729999999999997;	23.759999999999998;	0
23.759999999999998;	23.79;	0
23.79;	23.82;	0
23.82;	23.85;	0
23.85;	23.879999999999995;	0
23.879999999999995;	23.909999999999997;	0
23.909999999999997;	23.939999999999998;	0
23.939999999999998;	23.97;	0
23.97;	24;	0
24;	24.03;	0
24.03;	24.059999999999995;	0
24.059999999999995;	24.089999999999996;	0
24.089999999999996;	24.119999999999997;	0
24.119999999999997;	24.15;	0
24.15;	24.18;	0
24.18;	24.21;	0
24.21;	24.239999999999995;	0
24.239999999999995;	24.269999999999996;	0
24.269999999999996;	24.299999999999997;	0
24.299999999999997;	24.33;	0
24.33;	24.36;	0
24.36;	24.39;	0
24.39;	24.419999999999995;	0
24.419999999999995;	24.449999999999996;	0
24.449999999999996;	24.479999999999997;	0
24.479999999999997;	24.509999999999998;	0
24.509999999999998;	24.54;	0
24.54;	24.57;	0
24.57;	24.6;	0
24.6;	24.629999999999995;	0
24.629999999999995;	24.659999999999997;	0
24.659999999999997;	24.689999999999998;	0
24.689999999999998;	24.72;	0
24.72;	24.75;	0
24.75;	24.78;	0
24.78;	24.809999999999995;	0
24.809999999999995;	24.839999999999996;	0
24.839999999999996;	24.869999999999997;	0
24.869999999999997;	24.9;	0
24.9;	24.93;	0
24.93;	24.96;	0
24.96;	24.989999999999995;	0
24.989999999999995;	25.019999999999996;	0
25.019999999999996;	25.049999999999997;	0
25.049999999999997;	25.08;	0
25.08;	25.11;	0
25.11;	25.14;	0
25.14;	25.169999999999995;	0
25.169999999999995;	25.199999999999996;	0
25.199999999999996;	25.229999999999997;	0
25.229999999999997;	25.259999999999998;	0
25.259999999999998;	25.29;	0
25.29;	25.32;	0
25.32;	25.35;	0
25.35;	25.379999999999995;	0
25.379999999999995;	25.409999999999997;	0
25.409999999999997;	25.439999999999998;	0
25.439999999999998;	25.47;	0
25.47;	25.5;	0
25.5;	25.53;	0
25.53;	25.559999999999995;	0
25.559999999999995;	25.589999999999996;	0
25.589999999999996;	25.619999999999997;	0
25.619999999999997;	25.65;	0
25.65;	25.68;	0
25.68;	25.71;	0
25.71;	25.739999999999995;	0
25.739999999999995;	25.769999999999996;	0
25.769999999999996;	25.799999999999997;	0
25.799999999999997;	25.83;	0
25.83;	25.86;	0
25.86;	25.89;	0
25.89;	25.919999999999995;	0
25.919999999999995;	25.949999999999996;	0
25.949999999999996;	25.979999999999997;	0
25.979999999999997;	26.009999999999998;	0
26.009999999999998;	26.04;	0
26.04;	26.07;	0
26.07;	26.1;	0
26.1;	26.129999999999995;	0
26.129999999999995;	26.159999999999997;	0
26.159999999999997;	26.189999999999998;	0
26.189999999999998;	26.22;	0
26.22;	26.25;	0
26.25;	26.28;	0
26.28;	26.309999999999995;	0
26.309999999999995;	26.339999999999996;	0
26.339999999999996;	26.369999999999997;	0
26.369999999999997;	26.4;	0
26.4;	26.43;	0
26.43;	26.46;	0
26.46;	26.489999999999995;	0
26.489999999999995;	26.519999999999996;	0
26.519999999999996;	26.549999999999997;	0
26.549999999999997;	26.58;	0
26.58;	26.61;	0
26.61;	26.64;	0
26.64;	26.669999999999995;	0
26.669999999999995;	26.699999999999996;	0
26.699999999999996;	26.729999999999997;	0
26.729999999999997;	26.759999999999998;	0
26.759999999999998;	26.79;	0
26.79;	26.82;	0
26.82;	26.85;	0
26.85;	26.879999999999995;	0
26.879999999999995;	26.909999999999997;	0
26.909999999999997;	26.939999999999998;	0
26.939999999999998;	26.97;	0
26.97;	27;	0
27;	27.03;	0
27.03;	27.059999999999995;	0
27.059999999999995;	27.089999999999996;	0
27.089999999999996;	27.119999999999997;	0
27.119999999999997;	27.15;	0
27.15;	27.18;	0
27.18;	27.21;	0
27.21;	27.239999999999995;	0
27.239999999999995;	27.269999999999996;	0
27.269999999999996;	27.299999999999997;	0
27.299999999999997;	27.33;	0
27.33;	27.36;	0
27.36;	27.39;	0
27.39;	27.419999999999995;	0
27.419999999999995;	27.449999999999996;	0
27.449999999999996;	27.479999999999997;	0
27.479999999999997;	27.509999999999998;	0
27.509999999999998;	27.54;	0
27.54;	27.57;	0
27.57;	27.599999999999994;	0
27.599999999999994;	27.629999999999995;	0
27.629999999999995;	27.659999999999997;	0
27.659999999999997;	27.689999999999998;	0
27.689999999999998;	27.72;	0
27.72;	27.75;	0
27.75;	27.78;	0
27.78;	27.809999999999995;	0
27.809999999999995;	27.839999999999996;	0
27.839999999999996;	27.869999999999997;	0
27.869999999999997;	27.9;	0
27.9;	27.93;	0
27.93;	27.96;	0
27.96;	27.989999999999995;	0
27.989999999999995;	28.019999999999996;	0
28.019999999999996;	28.049999999999997;	0
28.049999999999997;	28.08;	0
28.08;	28.11;	0
28.11;	28.14;	0
28.14;	28.169999999999995;	0
28.169999999999995;	28.199999999999996;	0
28.199999999999996;	28.229999999999997;	0
28.229999999999997;	28.259999999999998;	0
28.259999999999998;	28.29;	0
28.29;	28.32;	0
28.32;	28.349999999999994;	0
28.349999999999994;	28.379999999999995;	0
28.379999999999995;	28.409999999999997;	0
28.409999999999997;	28.439999999999998;	0
28.439999999999998;	28.47;	0
28.47;	28.5;	0
28.5;	28.53;	0
28.53;	28.559999999999995;	0
28.559999999999995;	28.589999999999996;	0
28.589999999999996;	28.619999999999997;	0
28.619999999999997;	28.65;	0
28.65;	28.68;	0
28.68;	28.71;	0
28.71;	28.739999999999995;	0
28.739999999999995;	28.769999999999996;	0
28.769999999999996;	28.799999999999997;	0
28.799999999999997;	28.83;	0
28.83;	28.86;	0
28.86;	28.89;	0
28.89;	28.919999999999995;	0
28.919999999999995;	28.949999999999996;	0
28.949999999999996;	28.979999999999997;	0
28.979999999999997;	29.009999999999998;	0
29.009999999999998;	29.04;	0
29.04;	29.07;	0
29.07;	29.099999999999994;	0
29.099999999999994;	29.129999999999995;	0
29.129999999999995;	29.159999999999997;	0
29.159999999999997;	29.189999999999998;	0
29.189999999999998;	29.22;	0
29.22;	29.25;	0
29.25;	29.28;	0
29.28;	29.309999999999995;	0
29.309999999999995;	29.339999999999996;	0
29.339999999999996;	29.369999999999997;	0
29.369999999999997;	29.4;	0
29.4;	29.43;	0
29.43;	29.46;	0
29.46;	29.489999999999995;	0
29.489999999999995;	29.519999999999996;	0
29.519999999999996;	29.549999999999997;	0
29.549999999999997;	29.58;	0
29.58;	29.61;	0
29.61;	29.64;	0
29.64;	29.669999999999995;	0
29.669999999999995;	29.699999999999996;	0
29.699999999999996;	29.729999999999997;	0
29.729999999999997;	29.759999999999998;	0
29.759999999999998;	29.79;	0
29.79;	29.82;	0
29.82;	29.849999999999994;	0
29.849999999999994;	29.879999999999995;	0
29.879999999999995;	29.909999999999997;	0
29.909999999999997;	29.939999999999998;	0
29.939999999999998;	29.97;	0
29.97;	30;	0
